MutationType	Mutation	MSM0.1_s1	MSM0.1_s2	MSM0.10_s1	MSM0.10_s2	MSM0.10_s3	MSM0.100_s1	MSM0.100_s2	MSM0.101_s1	MSM0.101_s2	MSM0.102_s3	MSM0.102_s4	MSM0.102_s5	MSM0.103_s1	MSM0.103_s5	MSM0.103_s6	MSM0.104_s1	MSM0.104_s2	MSM0.104_s3	MSM0.105_s1	MSM0.105_s3	MSM0.106_s1	MSM0.106_s2	MSM0.106_s3	MSM0.107_s1	MSM0.107_s2	MSM0.108_s2	MSM0.108_s3	MSM0.109_s1	MSM0.109_s2	MSM0.11_s1	MSM0.11_s2	MSM0.11_s3	MSM0.110_s1	MSM0.110_s2	MSM0.110_s3	MSM0.111_s1	MSM0.111_s2	MSM0.111_s3	MSM0.112_s1	MSM0.112_s2	MSM0.112_s3	MSM0.113_s1	MSM0.113_s2	MSM0.114_s1	MSM0.114_s2	MSM0.114_s5	MSM0.115_s1	MSM0.115_s2	MSM0.116_s1	MSM0.116_s2	MSM0.116_s3	MSM0.117_s1	MSM0.117_s5	MSM0.118_s1	MSM0.118_s2	MSM0.119_s1	MSM0.119_s2	MSM0.12_s1	MSM0.12_s3	MSM0.12_s4	MSM0.120_s1	MSM0.120_s2	MSM0.120_s3	MSM0.121_s3	MSM0.121_s4	MSM0.121_s5	MSM0.122_s1	MSM0.122_s2	MSM0.122_s4	MSM0.123_s1	MSM0.123_s2	MSM0.123_s3	MSM0.124_s1	MSM0.124_s2	MSM0.124_s3	MSM0.125_s1	MSM0.125_s2	MSM0.125_s3	MSM0.126_s1	MSM0.126_s2	MSM0.127_s1	MSM0.127_s2	MSM0.128_s2	MSM0.128_s3	MSM0.128_s4	MSM0.129_s1	MSM0.129_s2	MSM0.129_s3	MSM0.13_s1	MSM0.13_s2	MSM0.13_s3	MSM0.130_s1	MSM0.130_s2	MSM0.130_s3	MSM0.131_s1	MSM0.131_s2	MSM0.131_s3	MSM0.132_s1	MSM0.132_s2	MSM0.132_s3	MSM0.14_s1	MSM0.14_s2	MSM0.14_s3	MSM0.15_s1	MSM0.15_s2	MSM0.15_s3	MSM0.16_s1	MSM0.16_s2	MSM0.16_s3	MSM0.17_s1	MSM0.17_s2	MSM0.18_s1	MSM0.18_s2	MSM0.19_s1	MSM0.19_s2	MSM0.2_s1	MSM0.2_s2	MSM0.2_s3	MSM0.20_s1	MSM0.20_s2	MSM0.21_s1	MSM0.21_s3	MSM0.21_s5	MSM0.22_s1	MSM0.22_s2	MSM0.22_s3	MSM0.23_s1	MSM0.23_s2	MSM0.24_s1	MSM0.24_s3	MSM0.24_s4	MSM0.25_s1	MSM0.25_s2	MSM0.26_s1	MSM0.26_s2	MSM0.26_s3	MSM0.27_s1	MSM0.27_s2	MSM0.27_s3	MSM0.28_s2	MSM0.28_s4	MSM0.29_s1	MSM0.29_s2	MSM0.3_s1	MSM0.3_s2	MSM0.3_s3	MSM0.30_s2	MSM0.30_s6	MSM0.31_s4	MSM0.31_s5	MSM0.31_s6	MSM0.32_s1	MSM0.32_s5	MSM0.33_s1	MSM0.33_s2	MSM0.34_s1	MSM0.34_s2	MSM0.34_s3	MSM0.35_s1	MSM0.35_s3	MSM0.35_s4	MSM0.36_s1	MSM0.36_s2	MSM0.36_s3	MSM0.37_s1	MSM0.37_s2	MSM0.38_s1	MSM0.38_s3	MSM0.39_s1	MSM0.39_s2	MSM0.4_s1	MSM0.4_s2	MSM0.40_s1	MSM0.40_s2	MSM0.40_s5	MSM0.41_s1	MSM0.41_s2	MSM0.41_s3	MSM0.41_s4	MSM0.42_s1	MSM0.42_s2	MSM0.42_s3	MSM0.43_s1	MSM0.43_s2	MSM0.44_s1	MSM0.44_s2	MSM0.44_s3	MSM0.44_s4	MSM0.45_s1	MSM0.45_s2	MSM0.46_s1	MSM0.46_s5	MSM0.47_s1	MSM0.47_s3	MSM0.48_s1	MSM0.48_s2	MSM0.49_s1	MSM0.49_s2	MSM0.5_s1	MSM0.5_s2	MSM0.5_s3	MSM0.50_s1	MSM0.50_s2	MSM0.50_s3	MSM0.51_s1	MSM0.51_s2	MSM0.52_s1	MSM0.52_s2	MSM0.53_s2	MSM0.53_s5	MSM0.53_s6	MSM0.54_s1	MSM0.54_s2	MSM0.54_s3	MSM0.55_s1	MSM0.55_s2	MSM0.55_s3	MSM0.56_s4	MSM0.56_s5	MSM0.56_s6	MSM0.57_s1	MSM0.57_s2	MSM0.58_s4	MSM0.58_s5	MSM0.58_s6	MSM0.59_s2	MSM0.59_s3	MSM0.6_s1	MSM0.6_s2	MSM0.60_s1	MSM0.60_s5	MSM0.61_s1	MSM0.61_s2	MSM0.62_s1	MSM0.62_s2	MSM0.63_s1	MSM0.63_s2	MSM0.63_s3	MSM0.64_s1	MSM0.64_s2	MSM0.64_s3	MSM0.65_s1	MSM0.65_s3	MSM0.65_s4	MSM0.66_s1	MSM0.66_s2	MSM0.66_s3	MSM0.67_s1	MSM0.67_s2	MSM0.67_s3	MSM0.68_s1	MSM0.68_s2	MSM0.68_s3	MSM0.69_s1	MSM0.69_s3	MSM0.7_s4	MSM0.7_s5	MSM0.7_s6	MSM0.70_s1	MSM0.70_s2	MSM0.71_s1	MSM0.71_s2	MSM0.72_s1	MSM0.72_s2	MSM0.72_s3	MSM0.73_s1	MSM0.73_s2	MSM0.74_s1	MSM0.74_s2	MSM0.74_s3	MSM0.75_s1	MSM0.75_s2	MSM0.8_s1	MSM0.8_s2	MSM0.80_s1	MSM0.80_s2	MSM0.81_s1	MSM0.81_s2	MSM0.82_s1	MSM0.82_s2	MSM0.83_s1	MSM0.83_s2	MSM0.83_s3	MSM0.84_s1	MSM0.84_s2	MSM0.85_s1	MSM0.85_s2	MSM0.86_s1	MSM0.86_s2	MSM0.87_s2	MSM0.87_s3	MSM0.87_s4	MSM0.88_s1	MSM0.88_s2	MSM0.89_s1	MSM0.89_s2	MSM0.9_s2	MSM0.9_s3	MSM0.9_s6	MSM0.90_s3	MSM0.90_s4	MSM0.90_s5	MSM0.91_s1	MSM0.91_s2	MSM0.92_s1	MSM0.92_s2	MSM0.92_s3	MSM0.93_s1	MSM0.93_s2	MSM0.94_s1	MSM0.94_s2	MSM0.95_s1	MSM0.95_s2	MSM0.95_s3	MSM0.96_s1	MSM0.96_s2	MSM0.96_s3	MSM0.97_s1	MSM0.97_s2	MSM0.97_s3	MSM0.98_s1	MSM0.98_s2	MSM0.99_s1	MSM0.99_s3
A[C>A]A	C>A	14	14	17	10	16	10	9	25	17	40	46	55	85	123	100	14	14	23	16	11	14	13	15	27	15	12	23	9	18	15	9	13	34	18	24	32	43	14	13	10	20	13	16	12	10	12	21	12	22	14	8	13	17	13	21	15	12	15	10	11	22	15	11	14	29	15	28	55	15	11	9	14	22	31	16	17	15	12	17	18	14	11	19	25	15	13	16	14	13	16	16	15	11	15	10	14	10	20	23	15	43	69	48	7	9	10	24	22	20	17	23	18	15	14	11	116	61	72	11	19	14	9	18	19	18	17	14	17	36	35	28	11	19	19	27	40	17	16	26	19	16	15	14	18	23	21	23	10	11	21	11	10	13	15	13	18	11	15	44	49	23	10	10	18	14	19	9	9	11	8	9	13	18	28	21	26	38	26	11	67	35	49	9	8	7	41	10	24	17	21	15	13	4	7	8	20	27	14	17	16	13	10	19	10	10	20	13	14	26	0	8	51	42	49	23	23	16	17	14	11	19	15	17	12	11	11	18	12	10	16	11	19	16	25	14	29	22	15	19	15	18	13	15	11	10	16	13	15	29	23	15	15	17	14	25	12	10	22	26	24	13	12	8	18	18	21	18	16	21	18	16	13	16	16	16	13	12	11	11	22	14	15	13	15	15	15	18	10	21	36	36	34	11	10	11	18	11	16	17	25	34	32	14	15	41	25	22	32	33	36	20	44	30	29	29	20	30	12	15	12	8	17	15	15
A[C>A]C	C>A	0	1	2	1	0	4	0	1	2	4	3	2	63	68	44	2	0	0	4	2	0	2	0	1	1	0	1	1	1	2	1	0	11	3	6	8	15	3	1	2	4	1	0	1	0	3	1	2	4	4	0	1	2	4	3	1	1	1	0	1	2	2	0	0	2	1	11	25	11	1	1	3	2	2	1	1	1	4	8	4	0	2	2	1	0	0	1	7	3	2	3	0	0	1	1	1	1	1	3	0	22	27	33	2	3	0	5	7	9	2	1	1	1	0	1	172	67	131	1	2	2	0	0	1	2	2	5	2	6	8	7	4	2	12	14	10	5	4	4	1	0	2	2	4	5	3	1	0	2	1	1	1	2	0	0	4	0	1	4	4	5	2	3	1	2	1	2	1	0	0	2	0	5	10	2	7	7	14	3	27	13	17	0	3	6	28	22	19	2	2	4	1	1	4	3	5	14	3	5	6	4	4	5	3	5	0	2	3	4	1	0	32	22	29	1	6	4	3	0	0	1	1	2	0	2	2	0	2	0	2	2	0	1	2	0	5	2	1	2	1	1	1	2	1	1	1	3	2	4	2	3	2	4	0	3	18	14	10	2	4	2	1	12	9	7	1	1	5	4	5	2	4	1	1	0	1	1	1	1	2	71	31	86	0	1	2	0	2	1	14	4	10	4	0	4	3	1	0	2	15	56	38	3	1	18	21	14	12	10	5	7	31	24	14	4	6	6	5	0	3	0	2	2	4
A[C>A]G	C>A	3	0	2	0	0	0	1	0	0	0	3	2	52	56	62	0	3	1	1	0	1	4	2	1	1	2	2	0	3	2	1	1	4	3	1	4	1	3	0	1	1	2	0	0	0	2	2	1	1	0	1	0	1	0	1	0	0	0	0	1	1	1	0	0	1	3	3	6	2	2	0	1	0	1	0	1	2	2	2	3	0	0	2	0	1	0	2	3	7	3	4	0	0	0	2	0	0	1	2	3	19	17	26	9	3	12	1	2	4	1	0	0	2	0	1	68	16	42	1	0	0	0	0	0	1	2	0	1	2	7	3	1	1	4	6	7	4	2	2	0	0	0	1	0	1	0	0	1	1	0	0	0	0	0	0	0	1	3	3	4	1	0	1	0	1	0	2	1	1	0	1	0	4	7	1	2	1	3	0	30	17	17	1	0	1	4	2	3	1	1	0	1	0	3	0	1	11	0	4	4	3	0	2	2	0	1	0	1	3	0	0	19	19	22	2	1	1	0	0	1	0	2	1	1	1	3	1	1	0	1	1	0	3	2	1	2	0	0	1	0	1	0	1	0	1	0	0	0	2	3	0	1	2	0	1	3	2	0	0	0	2	4	1	1	1	2	0	3	4	6	2	1	0	0	0	0	1	0	0	3	2	0	1	0	0	1	1	1	0	5	8	4	1	0	0	2	1	2	0	6	5	3	0	2	6	13	4	10	10	7	4	8	3	4	5	3	2	5	0	1	1	0	0	3
A[C>A]T	C>A	5	3	2	6	11	4	12	6	6	14	10	18	70	98	74	6	6	5	3	3	4	6	2	3	1	4	4	4	2	7	3	8	20	13	9	16	18	9	6	9	4	6	6	2	6	4	10	6	2	3	5	5	3	6	1	6	7	4	3	10	6	10	2	3	3	6	10	45	4	2	7	6	4	6	3	3	3	6	9	12	6	5	9	7	6	4	7	8	7	5	8	4	7	6	7	4	5	7	14	3	22	36	34	3	6	2	11	13	13	6	5	5	5	4	7	122	51	61	5	8	5	5	4	3	3	11	6	5	9	16	11	6	6	18	17	10	4	7	7	5	6	4	4	4	4	7	9	2	7	2	3	4	2	6	6	8	2	4	9	17	13	5	3	7	4	6	3	2	6	2	5	1	6	13	5	10	17	13	4	39	19	22	7	6	11	30	20	17	5	6	4	2	0	9	6	2	7	6	6	7	6	8	9	6	5	3	2	5	14	0	1	40	39	37	10	10	7	8	4	2	9	7	7	4	5	4	4	2	2	6	6	5	3	3	3	9	6	8	3	5	5	5	4	2	9	1	6	4	13	8	5	6	4	4	6	11	15	10	5	2	8	5	16	6	9	4	2	8	11	11	6	15	4	0	1	12	3	6	5	8	21	13	22	9	5	5	4	8	4	15	17	16	2	2	4	8	5	2	4	26	50	31	7	3	12	18	14	8	6	9	12	33	16	19	10	4	14	5	7	1	4	4	2	4
A[C>G]A	C>G	2	1	2	0	2	2	1	2	2	2	0	4	16	13	24	0	0	0	4	2	2	1	2	2	1	2	1	1	1	1	0	0	4	1	4	5	5	5	5	0	4	0	0	0	0	3	0	1	1	1	1	0	1	4	0	1	2	1	4	3	1	1	1	1	0	1	4	12	3	0	0	4	13	9	8	2	2	0	3	0	0	0	2	2	0	3	0	1	4	2	1	2	4	2	1	0	2	1	2	0	7	7	5	2	1	0	4	2	2	2	0	0	0	1	0	29	10	22	1	0	1	1	0	1	0	2	0	0	1	4	3	2	0	6	1	3	1	4	5	1	1	2	4	2	2	2	1	2	4	0	0	0	0	0	1	0	2	1	1	2	1	1	1	0	1	1	0	0	2	0	2	0	0	6	2	5	5	1	0	14	4	3	0	2	2	2	1	2	0	2	1	0	0	2	4	2	10	0	3	3	3	0	1	3	1	0	1	0	4	0	0	1	13	6	0	2	4	3	0	0	1	0	3	0	0	0	1	1	2	0	1	1	0	1	1	3	1	2	2	0	0	2	1	1	2	1	2	0	4	4	1	5	1	1	0	1	2	0	1	2	1	2	6	2	1	1	0	5	1	1	3	3	1	0	3	1	0	2	2	1	2	2	2	0	2	2	0	1	0	4	5	3	0	0	1	1	0	0	2	2	6	5	1	1	2	10	4	2	3	6	3	20	13	10	5	4	5	0	1	0	2	1	0	2
A[C>G]C	C>G	0	0	3	1	1	1	0	0	0	4	1	2	8	2	5	1	0	1	0	1	1	0	1	1	2	0	0	0	0	0	2	0	2	1	1	3	3	6	0	1	1	0	0	0	0	1	0	0	1	1	0	0	0	1	0	1	1	1	2	2	1	0	1	0	0	0	2	4	1	1	0	0	2	3	1	0	1	1	1	0	1	0	1	2	1	0	1	0	0	2	1	0	0	1	1	0	1	0	1	0	1	4	5	0	1	1	1	4	1	0	2	0	0	0	1	17	11	15	1	0	2	0	0	1	0	2	0	0	0	0	2	2	0	2	0	1	2	1	4	0	0	1	0	0	0	3	1	0	2	1	3	0	2	2	0	0	0	2	3	0	1	1	0	2	1	0	0	0	0	0	1	0	2	0	5	0	7	1	0	3	2	5	0	0	1	1	0	3	0	1	0	1	0	3	0	0	1	0	0	3	0	0	3	2	2	0	0	0	4	0	0	2	0	5	0	3	1	1	1	0	3	0	2	0	3	1	1	0	0	1	1	0	0	1	1	3	2	1	1	2	0	0	1	0	3	2	1	0	3	2	1	1	2	0	0	1	3	3	0	0	0	0	2	0	2	1	1	0	2	0	2	2	0	0	0	0	0	1	1	1	1	2	2	0	1	0	1	1	0	1	3	2	3	0	0	2	1	0	0	4	3	1	1	0	3	4	3	0	1	2	4	11	5	8	0	0	3	0	0	1	0	0	1	0
A[C>G]G	C>G	0	0	1	0	0	0	0	0	1	1	0	0	12	13	13	1	0	2	2	0	0	0	1	0	0	1	2	0	2	1	0	1	0	0	0	0	1	1	0	0	0	0	0	0	1	1	0	0	0	0	2	0	1	1	2	1	1	1	0	1	1	0	0	0	1	0	2	0	0	0	0	0	3	1	1	0	2	0	1	1	0	1	1	0	0	1	0	0	1	1	0	0	0	0	0	0	0	2	0	0	0	1	7	0	1	0	0	0	1	0	0	1	0	0	1	13	7	11	0	0	0	0	1	1	0	0	0	0	1	1	0	0	1	5	2	1	3	2	2	1	0	2	0	2	1	1	1	0	0	0	0	0	0	1	0	0	2	0	0	2	1	1	1	0	0	0	0	0	0	0	0	0	2	0	1	0	0	3	0	7	4	2	0	1	0	1	0	0	0	0	0	0	0	0	1	0	1	0	1	0	1	0	3	0	0	1	2	0	1	0	0	3	2	3	0	0	1	0	1	1	2	0	1	2	1	0	1	1	0	1	0	0	0	0	1	2	0	0	0	1	0	1	1	0	1	0	2	3	2	1	1	0	0	1	0	0	1	0	1	1	0	0	1	2	1	1	0	1	1	0	0	0	1	0	0	0	0	1	0	0	2	0	3	0	0	0	0	0	0	1	0	2	0	0	1	0	0	0	1	2	4	1	1	0	1	2	1	2	3	0	6	4	3	3	1	1	1	2	0	0	1	0	0	1
A[C>G]T	C>G	1	0	0	1	1	0	1	1	0	2	1	2	6	13	7	1	2	0	1	3	1	1	3	0	2	2	0	0	2	1	0	2	2	4	1	1	2	2	0	4	2	1	1	1	0	2	1	1	0	0	1	1	1	2	0	0	0	1	1	0	2	1	2	0	0	0	3	2	2	1	0	2	5	9	4	1	0	2	1	1	2	2	1	1	2	2	2	0	1	0	2	1	1	2	1	1	0	3	1	0	4	6	8	0	0	0	1	1	3	2	0	0	1	0	2	16	4	23	0	1	1	0	1	1	1	2	0	3	2	2	2	0	0	1	3	0	1	0	1	2	2	1	0	1	1	3	2	1	0	0	1	2	1	0	0	2	0	1	1	1	2	0	1	2	0	0	0	0	1	0	1	0	2	1	1	2	6	2	0	5	4	4	2	1	1	2	0	3	0	1	1	0	0	2	2	1	2	1	1	1	4	3	5	4	1	1	2	0	2	0	1	1	4	3	2	0	1	0	2	1	0	0	0	0	1	0	0	0	1	2	0	2	1	1	1	2	2	3	3	1	1	0	2	0	2	0	1	4	3	3	1	4	3	1	0	2	4	0	3	4	1	3	1	2	3	1	0	2	2	1	0	4	1	2	0	1	1	1	0	0	2	2	1	1	1	1	0	1	1	0	3	0	1	4	2	0	1	0	0	3	4	6	1	1	3	9	1	2	1	5	4	7	8	6	0	0	1	0	2	3	0	0	0	1
A[C>T]A	C>T	3	7	9	13	10	6	2	7	6	7	8	8	27	45	31	7	10	9	14	7	15	21	8	7	8	7	9	7	6	6	6	15	39	29	49	13	12	10	8	5	3	6	8	2	5	5	3	8	8	8	3	12	3	9	8	1	6	12	13	7	6	7	7	7	7	5	8	16	4	10	7	9	44	54	40	6	9	8	7	12	5	8	5	10	8	5	10	6	11	7	5	7	8	6	4	1	3	5	8	6	15	19	19	9	5	8	9	11	17	7	12	6	6	7	9	32	17	28	6	4	6	9	5	6	10	11	11	6	84	73	76	8	6	7	14	13	9	13	9	11	7	9	9	6	8	10	10	8	14	10	6	5	4	9	4	3	6	6	6	6	6	7	4	6	4	7	10	10	5	6	6	6	8	12	5	8	18	15	6	22	13	23	5	8	9	7	9	7	11	4	7	5	5	8	6	10	6	1	10	19	8	14	15	19	6	9	12	3	13	1	0	14	12	12	7	8	12	9	4	11	2	3	10	7	11	8	7	4	10	8	1	8	10	9	10	39	36	46	16	16	10	16	8	12	11	11	12	31	58	36	12	19	15	8	5	5	3	5	10	7	8	16	6	7	7	5	7	4	14	8	11	17	5	5	5	8	6	8	9	7	8	5	9	6	6	8	5	8	4	16	14	19	9	5	8	5	7	4	6	20	9	9	2	5	11	4	13	15	18	17	17	29	38	29	12	9	17	5	12	7	6	12	6	5
A[C>T]C	C>T	5	2	2	3	6	2	4	6	8	3	2	7	20	18	16	6	6	5	3	4	5	4	2	1	4	1	4	2	2	2	2	4	33	73	110	5	2	6	4	4	4	3	2	3	2	5	0	2	1	5	3	2	1	2	4	2	2	1	2	1	3	2	5	3	1	1	5	5	3	5	4	6	3	3	4	6	2	2	12	3	2	2	7	8	3	3	5	4	2	4	3	4	3	1	0	2	3	3	2	2	7	3	3	2	4	1	5	7	5	5	1	0	7	1	2	38	14	29	3	3	1	2	3	11	3	5	2	2	35	45	46	3	0	3	6	5	7	7	1	2	7	4	1	4	2	9	2	3	1	0	0	4	1	5	3	3	1	3	3	3	5	4	5	2	4	1	3	2	3	3	3	1	7	8	7	3	9	8	2	6	7	3	0	2	4	8	8	5	3	2	3	3	1	2	0	3	3	3	4	4	11	5	4	8	2	3	2	4	11	0	2	10	5	8	1	5	6	42	37	23	4	2	0	2	4	0	3	4	2	3	2	4	0	5	6	16	17	17	9	6	7	11	1	3	8	8	8	13	17	9	12	14	6	6	4	2	5	4	5	6	4	4	4	2	0	5	6	4	2	2	6	7	3	2	2	4	2	2	2	5	5	4	5	2	4	3	2	5	1	5	9	8	3	2	3	10	3	1	0	9	10	6	1	2	10	7	10	9	7	4	8	19	18	17	7	4	4	6	6	1	4	1	2	4
A[C>T]G	C>T	4	4	1	4	3	4	3	6	4	0	5	3	4	11	7	2	6	5	2	3	4	6	4	3	6	1	5	1	6	5	1	5	5	6	7	1	2	3	1	3	4	1	5	1	4	4	5	5	1	2	1	5	3	8	1	0	2	9	4	4	8	4	5	2	2	0	3	5	3	3	5	4	5	0	0	2	4	5	1	4	3	3	3	2	3	2	3	4	5	4	4	2	3	1	2	3	2	3	2	3	6	5	6	6	1	2	1	4	7	2	2	2	2	4	3	11	4	12	4	5	2	2	2	0	2	4	2	1	12	22	11	3	6	3	3	9	4	1	4	3	6	4	3	5	7	6	3	3	1	3	2	1	6	1	5	5	0	2	3	3	4	6	1	2	0	1	3	4	1	1	4	3	3	3	2	2	2	4	0	7	4	2	5	2	1	4	5	0	2	3	5	3	1	0	6	0	2	2	2	9	3	1	3	0	2	2	2	5	2	0	0	5	6	2	3	1	2	3	3	2	5	2	1	6	2	3	1	3	4	4	8	2	5	4	2	1	5	3	4	2	2	2	2	4	3	1	1	4	6	0	4	5	4	1	2	6	4	4	6	4	2	6	1	3	5	0	1	2	2	5	1	8	4	2	4	1	3	6	4	5	3	3	2	2	5	2	5	6	2	4	5	10	0	1	3	3	1	5	6	6	4	3	0	1	7	5	5	4	4	8	4	17	13	9	3	4	3	4	5	6	3	0	3	3
A[C>T]T	C>T	4	4	6	2	6	3	3	5	3	5	6	2	8	25	17	3	7	2	5	3	3	7	7	3	1	1	2	3	2	10	5	5	33	92	142	4	8	3	2	5	5	0	3	0	2	2	7	3	2	3	5	1	2	1	4	3	6	7	3	6	7	1	5	3	2	4	6	10	5	4	8	4	18	14	20	1	4	1	5	7	1	1	3	5	5	4	6	2	1	0	0	4	6	5	4	1	1	3	1	2	8	9	3	2	3	2	4	4	4	2	7	4	1	1	0	32	10	26	1	1	0	0	3	8	1	9	1	3	41	40	33	2	1	3	10	7	5	2	4	5	0	4	4	3	7	8	4	0	5	8	1	5	3	1	3	2	1	2	5	3	3	3	7	3	5	3	3	2	3	2	4	2	5	2	3	8	15	15	0	7	8	8	1	3	4	7	2	8	4	2	3	6	1	1	3	0	6	4	2	6	5	4	7	5	3	2	2	5	22	2	2	8	3	3	6	4	6	6	7	5	2	0	1	5	2	2	1	2	4	3	6	0	2	4	5	33	31	35	13	7	5	9	6	11	9	11	9	16	34	27	15	10	5	3	3	1	2	6	2	3	2	1	1	3	3	2	6	3	0	1	6	13	4	3	4	3	3	2	1	5	5	1	4	2	2	5	1	5	3	5	7	8	4	4	3	1	2	3	2	11	17	16	0	2	7	4	6	10	7	5	5	13	22	11	5	4	3	4	1	5	0	1	5	1
A[T>A]A	T>A	1	0	0	2	3	0	1	0	0	3	1	2	16	22	21	6	2	1	4	1	0	0	1	1	4	0	0	1	1	0	1	4	8	2	2	3	2	2	2	0	1	0	0	0	0	1	0	2	1	0	0	1	2	2	2	1	0	2	2	2	1	0	0	0	0	0	0	1	1	1	1	2	20	20	22	1	1	1	8	3	0	0	0	2	3	0	0	1	10	3	7	1	2	1	0	2	2	10	6	15	2	4	4	1	0	0	1	1	3	0	1	3	0	0	0	18	9	23	2	2	0	0	1	1	0	4	1	0	27	39	35	0	1	1	7	2	6	1	0	1	0	1	0	37	19	69	2	2	5	1	4	0	1	2	0	3	0	0	1	0	0	2	2	2	0	1	0	1	0	0	1	1	13	27	10	3	6	11	0	6	3	2	0	0	0	1	1	0	0	0	0	0	2	4	1	0	3	1	6	4	3	2	1	1	1	2	1	0	4	0	0	4	4	8	1	0	3	6	5	2	1	2	2	6	2	0	1	0	0	2	0	0	3	1	1	18	8	12	4	0	2	1	0	2	0	2	5	1	10	4	3	4	6	2	1	1	3	0	0	1	0	1	1	1	1	1	0	1	2	3	1	2	0	0	0	1	0	0	0	0	0	2	0	4	2	2	1	3	1	15	14	4	1	0	4	0	2	1	0	2	2	1	1	1	2	5	2	28	33	32	21	7	4	2	14	6	34	1	0	2	1	0	1	0
A[T>A]C	T>A	0	0	0	2	0	0	0	0	0	1	1	1	3	4	3	0	1	1	1	0	0	0	0	0	0	1	1	0	0	0	0	2	16	1	3	0	0	0	0	0	0	0	0	0	0	0	0	0	0	1	0	0	0	0	0	0	2	1	0	0	1	0	0	1	0	0	1	2	0	1	2	0	4	6	2	0	1	0	3	1	0	1	0	1	0	0	2	0	0	0	3	1	0	1	0	1	1	5	2	2	1	3	2	2	0	0	1	0	1	0	0	0	0	0	0	3	3	0	0	0	0	0	0	0	0	2	2	2	21	27	25	0	0	0	2	1	0	1	2	0	0	1	0	13	8	12	1	0	0	0	2	0	0	0	1	2	0	0	2	1	0	2	0	0	1	0	1	1	0	0	1	0	3	17	5	2	4	3	0	2	0	2	0	2	0	0	0	0	0	0	0	0	0	3	0	0	0	0	1	1	1	2	1	1	0	1	1	0	4	0	0	1	0	1	0	0	1	5	4	2	0	2	0	1	1	0	0	0	0	2	0	0	1	0	0	10	3	5	2	0	0	1	0	2	1	0	0	5	10	0	4	4	2	0	0	6	6	0	0	0	1	2	5	1	4	1	1	0	1	2	0	0	0	0	0	0	0	0	1	0	22	4	17	0	0	0	1	0	0	2	1	2	3	0	0	1	0	0	0	0	0	0	0	1	0	0	0	12	15	13	13	2	0	1	2	5	13	0	0	0	1	0	0	1
A[T>A]G	T>A	1	1	1	0	1	0	0	1	0	0	1	1	19	25	22	0	3	1	0	1	0	1	2	3	2	1	0	0	1	1	2	2	17	5	6	1	1	1	1	0	0	1	0	0	1	0	1	2	0	0	1	1	0	1	0	1	0	0	1	1	3	0	0	0	0	0	1	0	1	0	0	1	2	1	2	1	2	1	3	2	0	0	1	2	1	0	0	1	10	6	7	1	2	1	0	0	0	17	13	6	3	12	13	1	0	0	4	2	4	0	1	1	0	0	0	20	9	6	0	0	1	0	1	1	1	0	0	0	49	56	51	1	0	2	3	4	8	6	2	0	1	0	0	59	28	89	1	0	3	2	3	1	0	0	0	1	0	0	1	0	0	1	0	0	2	0	0	0	1	0	1	0	14	49	17	3	2	7	1	19	4	9	0	1	0	1	0	0	1	0	0	2	1	1	1	0	0	2	2	2	5	2	1	0	0	0	0	0	6	1	0	5	8	10	0	2	1	8	0	1	0	2	4	3	0	0	0	0	3	0	0	0	1	0	2	22	5	13	2	1	1	0	1	4	2	1	4	2	15	3	1	3	3	0	1	1	3	0	2	1	1	0	0	1	2	1	0	1	0	2	3	4	0	0	1	0	1	1	3	0	4	3	4	2	6	0	1	0	0	8	3	6	1	0	1	0	0	1	3	0	1	0	1	1	2	6	3	29	44	54	38	12	5	5	11	11	27	0	3	1	2	2	0	0
A[T>A]T	T>A	0	2	1	1	0	1	1	1	1	2	5	4	19	19	6	1	1	4	1	2	1	2	3	1	2	1	1	1	1	1	0	3	26	6	9	1	2	1	1	1	2	2	0	3	1	1	0	0	0	1	1	1	1	2	1	0	1	0	0	2	1	1	3	1	2	0	1	3	1	1	1	3	21	39	33	2	0	2	5	0	1	1	1	1	3	0	0	0	6	1	3	4	0	0	1	4	0	5	6	3	2	1	4	0	1	0	3	1	3	1	0	1	0	3	1	11	3	7	1	0	1	0	0	3	1	5	0	0	27	25	18	3	1	1	1	2	1	0	1	2	0	1	1	12	2	21	2	0	1	1	1	0	1	1	0	1	2	1	0	0	3	2	1	3	0	1	1	0	1	2	0	0	3	18	8	5	3	4	0	6	2	4	1	4	3	2	0	0	1	2	2	0	0	5	0	2	0	0	2	1	4	3	2	1	1	1	1	0	8	0	1	1	5	4	0	0	2	13	26	8	0	0	3	1	2	0	1	1	0	1	0	0	2	4	3	32	9	11	4	1	1	0	0	2	6	6	1	5	33	9	2	6	9	0	0	0	1	2	3	0	1	0	4	1	1	0	0	1	6	4	1	2	1	1	1	3	3	1	0	2	5	4	4	4	5	4	3	1	0	15	4	1	3	2	0	2	1	2	1	3	4	2	1	1	4	2	3	17	16	23	21	5	5	8	7	3	13	3	0	0	0	1	1	0
A[T>C]A	T>C	4	1	5	4	4	5	4	3	1	5	7	2	5	9	4	10	5	7	3	3	6	5	6	4	2	5	1	3	5	42	31	40	75	57	53	5	7	3	5	1	4	2	3	1	1	5	2	1	3	2	2	3	5	3	5	4	2	5	12	4	2	1	1	4	4	2	2	5	2	5	4	2	2	2	1	3	0	1	7	1	6	1	3	4	4	3	2	3	20	5	10	3	1	2	2	3	4	9	6	1	10	3	4	2	3	3	5	5	7	3	2	0	2	4	4	6	6	8	1	3	2	2	3	24	32	37	4	4	75	83	86	6	2	5	2	5	55	10	39	1	3	4	5	10	10	20	4	1	5	6	4	4	2	3	4	5	3	1	2	6	2	2	3	3	2	2	4	1	3	1	0	0	83	131	74	8	6	15	3	6	1	5	2	1	3	3	3	4	1	3	6	4	2	2	2	2	4	3	12	6	15	4	7	2	3	2	2	1	14	0	4	11	9	6	1	7	0	5	3	2	3	4	20	11	4	0	2	0	1	3	3	5	2	5	1	12	10	10	1	2	2	1	3	2	2	2	7	6	12	2	6	6	6	2	0	3	4	5	3	1	0	2	3	4	3	4	0	2	6	3	26	41	3	1	5	4	5	2	2	3	4	4	8	9	7	2	4	2	3	62	38	24	5	4	4	5	5	4	4	3	4	2	6	3	4	9	3	130	175	176	173	14	23	16	11	9	16	3	0	4	5	1	5	3
A[T>C]C	T>C	1	1	0	0	1	0	2	1	1	0	2	1	2	4	1	0	1	0	0	0	2	0	0	0	1	2	0	0	2	33	22	30	46	32	35	2	2	2	1	1	2	0	1	2	0	1	0	1	0	1	0	0	2	0	1	0	1	0	0	1	0	1	1	1	0	0	0	0	1	0	0	2	0	1	0	1	0	0	5	1	0	0	1	1	0	0	0	0	2	0	1	1	0	0	3	0	1	0	4	1	1	2	0	0	0	0	1	0	2	0	4	2	0	0	1	2	0	1	0	0	1	3	1	22	15	23	3	0	51	55	58	0	0	0	2	1	2	0	2	1	1	0	0	1	2	2	0	1	1	2	1	1	1	1	0	0	1	1	0	0	0	0	0	3	0	0	0	0	0	0	1	0	1	5	1	2	3	2	1	1	2	0	0	0	2	0	0	1	0	0	0	1	1	6	0	3	0	1	0	1	2	1	0	0	0	1	2	0	7	0	0	0	1	0	0	1	0	0	2	0	0	0	0	1	1	1	0	0	2	0	2	0	2	4	1	4	2	1	1	2	1	2	1	0	2	3	1	3	9	3	5	3	4	0	0	3	1	0	0	2	1	0	1	1	1	0	0	2	1	2	25	36	1	0	0	0	1	1	1	1	3	3	5	1	2	0	1	0	2	0	2	5	2	1	3	0	0	0	0	2	1	3	2	0	1	1	0	6	12	8	8	1	2	2	2	0	2	1	0	0	1	1	2	2
A[T>C]G	T>C	3	3	0	1	3	1	1	1	1	1	2	1	3	7	0	2	5	4	2	3	0	2	2	0	1	1	1	1	1	16	14	20	26	15	20	2	3	0	4	5	0	0	1	2	3	0	4	0	3	1	3	0	4	3	1	1	2	3	2	5	0	3	1	2	2	2	2	2	1	0	1	1	1	0	0	2	1	1	9	4	2	1	3	2	3	3	0	2	5	1	3	1	0	1	1	1	1	7	3	6	0	7	1	0	2	3	4	2	2	0	2	2	1	1	1	2	4	2	0	3	2	1	1	16	16	12	0	2	37	25	35	1	0	3	4	2	17	4	15	2	2	2	1	8	1	6	1	1	2	2	3	0	0	2	1	0	1	0	2	1	1	1	2	0	2	1	1	0	2	0	1	1	39	62	29	2	4	3	3	3	3	1	3	1	2	1	2	0	1	0	0	2	0	4	0	2	0	4	4	3	4	3	1	1	0	0	1	1	18	2	1	6	3	3	2	1	3	1	5	1	2	0	4	4	2	2	1	0	1	2	3	2	2	1	2	8	0	3	4	2	1	2	0	1	0	1	2	7	11	8	4	2	8	1	3	1	3	1	0	1	0	0	1	2	4	2	1	0	1	1	15	16	1	1	1	0	1	2	2	1	4	2	3	4	4	1	2	3	1	7	5	10	3	0	2	2	4	4	1	1	2	1	2	0	0	1	3	77	87	90	102	4	6	6	6	5	18	2	1	3	2	1	1	3
A[T>C]T	T>C	4	3	2	4	1	3	5	1	0	1	1	3	3	3	5	1	1	2	3	1	3	6	5	1	2	2	3	0	4	22	19	31	44	40	37	4	2	2	4	4	2	4	0	2	1	4	2	2	3	1	1	3	2	4	4	2	3	5	7	3	3	6	0	2	4	3	1	3	4	3	2	4	0	3	0	2	1	0	6	4	5	0	2	4	1	4	1	1	4	0	3	2	0	4	1	2	0	2	5	3	2	2	3	0	2	0	3	1	5	1	2	1	1	3	1	1	3	4	1	0	3	3	3	17	18	25	3	1	36	64	56	2	4	4	6	2	16	5	15	0	3	3	1	1	1	4	1	1	6	3	6	1	1	0	2	0	4	3	5	2	0	1	5	8	1	4	0	1	2	1	2	0	17	38	18	4	9	12	1	3	3	3	1	0	3	1	2	2	1	3	2	0	1	5	1	2	1	0	3	4	4	1	5	1	0	1	0	0	10	0	0	5	3	3	1	3	2	7	3	4	2	2	3	7	4	1	1	2	0	4	2	1	2	2	2	5	2	4	2	5	1	2	1	1	4	2	5	1	23	10	8	4	9	1	1	2	2	1	0	4	1	1	2	3	0	2	2	4	1	2	19	36	2	1	1	1	3	4	3	2	3	0	3	6	4	2	1	2	3	8	8	6	1	4	3	5	0	2	1	2	0	2	2	1	3	2	3	35	38	49	56	8	4	4	4	2	7	5	3	2	4	2	4	2
A[T>G]A	T>G	1	1	1	0	0	0	2	0	0	0	1	0	3	2	2	0	1	0	0	1	0	0	0	0	0	0	0	0	1	0	0	2	4	1	4	3	0	0	0	1	1	0	1	0	0	1	0	0	0	0	0	0	1	1	1	1	0	0	2	0	0	2	0	0	0	1	0	2	0	0	1	1	2	2	0	0	0	2	2	1	0	0	0	1	0	0	0	1	2	0	0	2	1	1	1	0	0	0	1	1	1	3	4	0	0	0	1	1	0	0	0	0	1	0	0	4	1	4	0	0	1	0	0	2	0	0	1	0	5	5	6	0	0	0	0	0	0	0	3	0	1	2	1	1	1	9	0	0	1	3	1	0	1	0	0	0	0	1	3	1	2	2	0	0	1	1	0	0	1	0	1	0	1	2	1	0	0	1	0	1	1	0	0	1	0	0	1	0	0	0	1	1	0	0	1	0	0	1	0	0	1	0	1	1	0	1	1	0	0	0	1	2	2	1	0	0	0	1	1	1	0	0	1	2	2	0	0	0	0	0	0	0	0	0	0	1	0	2	0	0	0	0	1	0	0	0	0	0	1	0	1	0	0	0	0	0	1	0	0	0	0	1	1	0	0	0	0	1	0	0	2	0	0	0	0	0	0	0	0	0	0	0	2	0	2	0	0	0	0	2	1	1	0	0	0	0	0	0	1	1	0	1	0	0	0	1	3	3	0	1	3	0	2	1	1	2	6	0	1	0	1	0	0	1
A[T>G]C	T>G	0	0	0	0	0	1	1	0	0	0	1	2	0	1	0	0	0	1	0	0	0	0	0	1	0	0	0	0	1	0	0	0	2	0	2	0	1	1	0	0	1	1	0	0	0	0	0	0	0	0	0	0	0	0	0	0	0	1	0	0	0	1	1	2	0	0	0	0	0	0	0	1	0	0	1	1	0	0	0	0	0	0	1	0	0	0	0	0	0	0	1	0	0	0	1	0	0	0	1	2	0	1	0	0	0	0	0	0	0	0	0	0	0	0	0	0	0	0	0	0	0	0	0	0	0	0	0	0	2	5	6	0	0	0	0	0	1	0	0	0	0	0	0	0	1	2	0	0	1	1	0	0	0	0	0	0	0	0	1	1	3	0	0	0	1	0	0	0	0	0	0	0	1	1	0	2	0	1	0	1	0	1	0	0	1	0	0	0	1	0	0	2	0	0	0	0	0	0	0	1	0	1	0	0	0	0	0	1	0	0	0	0	0	0	0	0	0	1	1	0	0	0	0	0	1	0	0	0	0	0	0	1	0	0	1	2	0	0	0	0	1	0	0	0	0	0	1	0	2	0	0	1	0	0	1	0	1	0	0	0	1	0	0	0	1	1	0	0	0	0	1	1	0	0	1	0	0	1	1	0	1	4	1	0	0	0	0	0	2	1	0	1	0	0	0	0	0	0	0	1	0	0	2	0	0	0	0	2	0	3	0	1	0	1	2	0	1	1	0	0	0	0	0	0
A[T>G]G	T>G	0	0	1	0	0	0	0	0	0	0	1	0	6	7	7	1	0	1	0	1	0	0	3	0	0	0	0	0	0	0	0	0	2	1	4	2	0	0	0	0	1	2	0	0	1	0	0	0	0	0	0	1	0	0	0	0	0	2	1	2	1	0	0	1	0	0	3	0	1	0	1	1	0	0	0	0	0	0	0	0	0	2	0	0	0	2	1	0	2	0	1	0	0	0	0	0	0	2	2	1	3	6	3	0	0	0	0	2	0	0	0	1	1	0	0	1	3	2	0	1	0	2	1	4	2	1	0	0	13	14	11	1	0	0	2	1	0	0	0	0	0	0	0	0	1	2	0	1	1	0	1	0	0	0	0	0	0	1	1	0	0	2	1	1	0	0	0	0	0	0	1	1	1	0	0	1	1	7	1	2	2	3	0	0	0	0	0	0	1	0	0	0	4	2	3	0	0	0	0	0	1	2	1	1	2	0	0	0	4	0	1	1	4	3	0	0	0	1	0	1	0	0	1	0	0	2	0	0	0	0	0	1	0	2	0	5	0	0	1	0	0	0	1	0	1	0	0	0	3	1	2	2	3	0	0	0	0	0	0	2	0	1	1	1	1	0	0	1	0	2	0	0	0	0	0	0	0	0	1	0	2	2	5	0	2	0	0	0	0	3	4	1	1	1	1	0	0	1	0	0	1	0	1	1	0	0	1	1	2	2	2	5	11	9	2	1	7	0	2	2	0	0	0	1
A[T>G]T	T>G	0	2	2	2	2	2	1	1	3	0	3	2	1	1	0	1	2	4	0	2	0	1	2	2	1	0	0	0	0	0	0	2	6	6	0	1	0	2	3	3	2	0	1	2	0	2	3	1	0	0	1	2	0	2	3	0	3	3	2	3	2	0	1	1	0	1	0	3	2	0	0	0	0	1	1	1	1	0	0	0	2	0	2	1	0	1	1	1	1	2	0	1	0	1	0	0	1	2	1	3	2	1	2	1	0	1	2	2	0	1	1	1	1	0	1	1	2	0	1	0	0	0	0	0	1	1	4	0	6	6	6	0	0	0	0	0	1	2	0	2	4	0	0	0	0	3	4	0	2	1	1	0	0	0	1	1	1	0	3	2	4	1	3	0	3	2	3	0	0	0	0	0	1	3	1	0	0	4	0	2	3	1	4	0	0	0	0	0	0	0	1	1	1	3	0	1	0	0	1	0	4	2	1	0	0	3	1	0	0	0	2	0	2	0	1	3	0	6	0	1	0	1	1	2	1	0	0	0	2	2	0	1	1	0	0	3	0	1	2	2	0	0	1	2	1	2	0	1	2	3	1	1	2	0	1	1	0	0	0	0	1	1	2	3	0	0	0	1	3	4	0	2	0	0	1	1	0	0	1	2	1	2	1	2	1	2	1	1	1	1	1	1	0	0	1	2	0	1	2	0	0	0	0	0	2	1	1	2	1	3	1	4	3	2	1	0	3	3	0	0	0	1	1	1
C[C>A]A	C>A	11	8	9	6	9	3	11	5	9	67	83	93	312	378	324	13	10	8	11	10	11	13	12	15	10	7	11	12	14	10	8	18	22	29	26	43	51	14	8	16	7	7	10	12	9	7	7	8	15	7	14	6	11	11	11	6	12	9	8	10	11	14	11	6	12	9	44	74	20	10	11	14	1	0	0	9	13	9	21	17	13	8	5	9	10	9	6	10	18	16	18	9	6	11	8	6	9	18	16	12	136	146	176	6	8	10	23	41	24	10	11	10	9	12	6	300	141	215	5	8	5	6	13	11	11	13	7	8	15	15	35	9	12	32	38	39	19	17	22	10	12	6	13	16	10	20	12	6	10	4	2	7	4	4	14	16	9	13	52	66	38	9	7	13	17	11	9	6	5	9	5	6	18	32	23	20	46	22	8	143	63	114	5	7	11	45	13	30	6	9	6	14	4	13	6	13	22	7	26	31	29	17	17	18	8	5	4	9	13	1	5	70	99	85	17	17	13	16	14	5	12	5	13	12	8	10	3	7	8	14	12	10	9	12	9	10	19	10	8	10	6	8	6	11	7	8	8	11	16	29	9	21	9	5	11	12	14	8	10	14	7	4	4	7	12	15	6	30	32	20	8	9	4	12	10	11	9	12	13	16	27	15	32	5	11	6	7	7	6	108	42	52	14	9	5	9	11	6	13	27	34	43	5	0	49	64	33	34	56	43	26	93	85	47	35	24	37	5	13	10	9	7	10	10
C[C>A]C	C>A	1	1	1	1	2	0	2	4	1	5	8	7	335	329	378	5	4	7	0	1	1	3	5	1	1	0	2	2	2	0	2	0	12	7	5	21	32	13	1	1	3	2	2	2	2	0	2	1	3	1	2	2	1	1	0	1	2	1	0	2	2	0	2	0	1	2	24	55	11	4	1	5	1	0	0	0	1	1	12	7	1	2	2	1	0	1	1	1	10	2	7	0	3	2	1	1	0	6	3	8	130	144	166	1	1	0	34	33	20	1	3	1	2	2	1	544	274	395	1	1	1	1	2	0	4	3	4	1	3	1	5	4	3	40	47	42	7	4	11	3	1	2	2	13	5	13	1	1	1	5	1	0	0	1	1	2	1	0	9	5	5	2	2	2	1	1	1	2	1	1	2	2	10	25	6	12	30	22	2	128	86	92	1	0	15	50	26	38	0	2	1	0	0	1	2	2	27	4	10	6	27	13	11	8	2	2	2	0	7	1	0	103	103	106	3	8	5	7	5	7	1	1	4	4	2	0	1	3	0	3	0	3	0	0	2	2	1	3	4	3	0	2	2	0	1	0	2	3	8	5	4	2	1	1	0	1	4	3	3	2	4	1	5	5	0	4	1	12	13	11	0	5	3	4	3	2	1	4	3	3	26	10	17	4	1	1	1	3	3	99	45	24	0	0	1	1	0	2	2	42	83	52	0	0	71	64	85	40	35	16	15	128	72	67	17	9	23	5	2	1	0	1	0	0
C[C>A]G	C>A	1	1	0	0	0	2	2	1	2	3	7	4	180	195	209	1	2	2	2	1	2	2	2	1	2	1	0	0	0	2	0	1	6	2	5	1	4	3	0	0	3	2	0	0	0	1	0	0	3	1	0	0	0	1	0	1	3	1	1	1	0	0	0	0	0	2	3	9	2	1	2	6	0	0	0	0	2	0	3	2	1	3	3	0	0	1	2	0	12	2	4	0	2	0	0	1	1	8	1	3	68	92	92	2	3	1	6	16	9	2	0	1	2	0	0	122	44	91	0	2	1	0	0	1	1	2	0	1	8	1	5	1	1	8	12	11	3	1	9	0	2	0	1	3	3	6	2	1	3	1	0	1	1	1	1	1	0	1	2	3	2	2	0	0	1	0	0	1	1	0	0	0	9	11	4	1	4	2	0	82	44	50	1	0	2	5	3	3	1	1	1	2	0	3	1	2	8	1	17	10	14	7	4	6	0	1	0	0	0	0	0	31	45	23	0	1	1	5	3	3	0	0	4	0	0	1	0	0	0	0	1	2	1	1	0	1	2	0	0	0	0	2	0	2	0	1	0	2	2	4	2	3	1	1	1	3	1	1	0	1	0	1	0	0	0	2	1	13	9	11	0	1	2	0	1	1	1	1	0	0	1	2	3	1	2	1	2	0	1	35	21	11	5	0	2	2	1	0	3	7	7	7	1	0	21	21	13	10	14	9	6	40	29	16	8	8	17	0	1	3	1	1	0	0
C[C>A]T	C>A	6	4	5	5	7	4	4	4	3	18	24	38	456	501	504	9	3	7	2	9	10	10	6	4	5	6	6	4	7	4	7	7	12	14	20	15	23	9	1	3	2	3	1	4	1	6	6	1	4	8	7	5	4	6	6	7	3	2	11	5	4	8	5	3	5	5	21	49	12	4	2	4	1	0	1	3	3	7	13	7	9	4	5	4	9	1	7	5	17	11	9	5	5	5	3	3	4	15	12	14	183	216	244	4	4	2	29	46	25	10	5	3	1	3	6	355	199	298	4	8	5	4	5	2	1	2	3	3	9	7	10	8	7	34	39	34	11	9	15	6	7	9	6	11	4	10	7	7	3	5	0	2	8	5	4	7	3	2	24	39	23	2	2	3	7	7	2	4	2	5	2	6	14	17	8	11	24	22	2	142	101	114	4	2	8	49	15	51	7	9	6	6	3	3	4	3	12	4	15	20	24	15	18	8	3	2	9	3	17	0	1	117	147	146	12	13	10	39	19	7	1	4	11	4	4	6	3	4	2	3	5	3	6	9	7	9	8	2	5	8	6	4	8	3	4	3	1	5	8	8	8	13	9	2	10	8	13	10	5	5	6	5	9	13	7	5	6	25	23	15	4	10	3	6	2	6	5	0	3	1	23	22	34	4	6	5	0	3	3	84	53	30	3	4	3	6	4	3	5	41	82	37	5	3	57	58	55	28	29	14	14	123	91	59	18	13	44	5	2	7	6	5	5	3
C[C>G]A	C>G	0	0	2	4	3	0	2	0	0	1	2	0	19	29	28	0	2	2	2	1	1	1	1	0	0	0	0	1	1	0	0	0	7	2	4	4	5	3	0	0	0	1	1	0	0	0	0	1	0	0	0	0	0	0	0	1	1	0	0	1	3	3	2	0	0	1	5	6	1	0	0	1	1	0	1	0	1	0	3	2	1	0	0	1	0	0	1	0	6	0	3	0	1	0	0	1	0	2	1	0	9	13	19	1	0	1	7	6	7	1	1	1	0	0	2	23	10	14	2	3	2	0	1	0	0	0	0	2	5	2	3	3	0	3	3	2	2	1	0	0	0	1	2	4	3	2	1	1	1	2	2	0	1	0	1	0	1	1	0	1	0	0	2	1	0	0	0	0	1	0	0	1	4	3	5	5	4	3	0	12	9	13	1	0	1	2	1	1	0	2	0	1	1	5	1	1	5	0	3	2	2	4	6	3	0	0	0	1	5	0	1	9	9	4	1	2	3	0	2	1	0	0	0	0	1	1	1	1	0	0	0	0	0	2	0	3	2	5	2	1	1	0	1	2	1	2	1	0	1	8	0	2	2	1	1	0	1	3	0	0	0	1	3	1	0	1	1	1	2	0	0	2	1	2	0	0	0	0	0	1	0	3	3	0	2	0	0	0	1	7	7	1	1	1	0	0	1	0	2	3	1	2	1	0	3	4	4	7	5	4	5	26	33	17	7	4	9	2	0	0	0	1	1	0
C[C>G]C	C>G	0	1	2	0	2	0	2	2	0	0	0	1	12	21	19	0	0	0	2	0	0	1	1	0	0	1	2	0	2	1	1	1	4	1	3	4	4	3	0	2	2	1	0	0	1	1	1	0	0	0	1	0	2	1	0	0	1	0	1	3	1	1	0	1	0	1	0	2	1	0	1	2	2	0	1	1	0	0	1	3	2	0	0	0	1	0	1	0	2	0	2	0	0	0	1	1	1	1	3	0	1	8	7	1	0	1	6	3	2	0	1	1	2	0	0	39	23	37	0	0	1	0	0	2	0	1	1	0	3	3	2	0	0	2	6	1	1	2	0	0	0	0	0	2	4	3	1	0	0	2	2	0	0	0	0	0	0	2	1	0	0	0	1	2	1	1	0	0	0	0	1	0	2	7	3	5	3	2	0	8	10	10	0	1	1	3	0	5	1	0	1	0	1	0	1	0	14	0	2	3	2	1	2	2	1	1	0	0	7	0	0	7	6	7	1	3	1	2	1	1	0	0	2	3	0	0	0	1	0	0	1	0	2	0	1	3	2	0	0	0	1	1	0	0	1	0	0	2	1	0	2	1	0	0	0	4	1	1	0	1	1	1	1	0	1	0	0	2	0	2	0	3	0	0	1	2	0	0	0	0	1	5	1	1	1	0	0	0	0	5	1	4	0	0	0	0	2	0	0	1	4	4	2	1	4	3	6	3	6	5	3	10	9	6	5	0	4	2	0	0	1	1	1	0
C[C>G]G	C>G	0	0	0	1	1	1	1	0	0	0	0	1	13	21	21	0	2	2	0	1	0	1	0	0	0	0	1	0	2	0	1	2	0	1	0	2	1	2	0	1	0	0	1	0	1	1	0	0	0	0	1	0	0	0	0	1	1	1	0	0	1	0	0	0	1	1	1	2	2	0	0	1	1	3	1	0	0	0	1	0	1	1	0	1	0	1	2	0	2	0	1	1	2	0	0	0	0	1	0	0	5	10	3	0	1	0	2	0	1	0	1	0	0	0	0	16	7	22	0	1	0	0	0	0	0	1	1	1	0	0	0	3	0	1	2	0	2	0	1	0	0	1	0	0	0	0	1	0	2	1	1	0	0	0	0	1	1	0	0	2	1	1	0	1	1	0	1	0	0	0	1	0	1	1	1	0	1	0	1	10	5	2	0	0	0	1	0	0	0	0	0	0	0	2	0	0	0	1	0	1	1	1	1	1	1	0	0	0	0	0	0	6	4	2	1	2	1	2	1	0	2	0	0	2	0	0	0	2	0	0	0	0	0	0	0	1	0	1	0	0	0	0	0	0	0	1	0	2	1	0	0	0	1	0	0	1	0	1	0	1	0	0	0	0	0	0	1	1	2	4	0	2	0	0	0	0	0	0	1	1	1	0	1	0	1	0	0	1	1	3	3	1	1	2	1	0	0	0	0	0	0	3	0	1	4	2	1	4	6	4	0	6	4	2	3	0	3	1	0	1	1	0	0	0
C[C>G]T	C>G	2	1	2	0	3	4	0	0	0	1	0	2	25	37	20	1	5	0	1	1	1	0	1	0	2	1	0	0	1	2	0	2	3	1	2	1	3	0	3	1	1	0	0	0	1	1	0	0	1	2	0	1	1	0	0	0	0	3	4	0	4	3	0	1	3	1	4	2	3	0	0	2	1	1	0	0	0	0	1	3	1	0	1	2	1	2	2	2	3	3	1	1	0	0	0	1	0	1	2	1	7	10	10	0	1	1	2	2	5	0	0	2	0	0	1	44	19	28	0	1	0	0	1	1	1	2	2	1	2	0	1	1	0	2	5	4	2	3	6	0	1	0	1	5	3	6	1	0	1	1	3	1	0	1	0	1	1	0	1	2	2	0	2	1	1	0	0	1	1	1	1	0	2	3	2	1	6	1	0	10	4	9	0	0	1	5	4	2	1	1	1	1	1	2	0	0	0	0	0	4	6	4	1	3	2	0	0	0	4	1	0	11	12	6	0	5	4	5	4	0	1	0	3	0	2	0	1	0	1	0	2	0	0	0	0	2	1	2	3	0	1	1	1	0	1	2	4	0	1	3	1	0	1	1	0	0	3	0	0	0	2	1	1	2	1	3	1	1	1	3	0	2	0	0	2	1	1	0	0	0	5	1	4	2	1	2	1	0	3	7	8	2	3	2	0	0	1	1	0	0	1	3	0	1	5	7	1	3	4	4	5	10	11	7	7	2	5	1	1	1	4	1	0	2
C[C>T]A	C>T	2	3	8	11	7	8	5	7	6	11	7	4	32	48	40	5	4	8	6	7	6	23	21	4	13	1	8	5	6	3	12	8	18	17	29	11	8	9	9	7	9	5	3	3	2	2	8	8	8	7	9	9	6	5	7	8	6	1	8	6	10	7	10	10	4	5	10	17	8	8	3	9	6	7	10	6	5	6	11	3	4	5	5	7	8	5	5	6	6	4	7	4	6	7	6	4	4	8	6	10	17	21	25	4	7	2	14	13	14	5	8	4	3	4	7	33	21	23	7	3	4	12	9	12	7	11	8	6	19	24	25	7	6	8	15	5	14	10	14	5	8	6	8	9	19	18	4	4	5	6	3	4	3	4	4	3	1	7	7	3	8	2	5	3	6	9	3	5	8	4	5	6	8	18	11	6	11	10	7	15	12	12	6	5	9	3	6	4	3	6	7	9	0	5	7	7	9	4	5	7	7	12	13	9	3	6	4	4	8	0	1	9	12	7	10	5	8	185	134	97	4	9	16	9	4	5	3	4	3	8	4	6	6	6	6	32	26	29	8	15	10	8	7	9	15	14	13	16	18	24	12	15	15	5	7	17	10	12	8	6	3	2	16	14	11	7	4	11	10	12	10	9	3	5	4	5	0	4	4	2	33	24	36	4	7	4	8	5	6	13	10	25	7	8	7	7	4	6	8	6	5	9	6	7	11	7	9	30	33	21	22	31	29	28	3	7	16	8	6	8	4	4	12	10
C[C>T]C	C>T	2	4	0	4	2	4	4	6	3	2	7	5	26	24	30	5	10	6	8	9	4	10	8	2	2	5	4	6	6	5	2	1	40	62	57	8	8	7	5	7	4	6	4	3	5	6	4	4	4	3	5	3	1	8	3	2	4	6	3	8	4	5	4	9	4	8	6	7	4	3	3	4	0	2	2	4	5	6	4	6	1	1	4	4	11	3	6	4	6	1	5	7	2	2	4	4	3	7	2	3	12	8	21	5	1	3	9	4	6	4	6	3	4	2	1	39	20	47	0	8	2	6	2	5	5	7	6	4	5	11	7	4	8	8	14	6	5	3	5	5	7	4	3	12	8	14	4	6	4	1	6	1	3	4	2	3	5	1	5	5	2	2	4	3	4	6	2	0	6	3	4	1	10	24	25	10	9	7	1	12	12	15	2	2	6	8	6	5	5	2	5	3	0	4	3	4	10	2	9	4	7	4	5	1	5	8	3	3	5	0	1	14	10	11	4	6	3	324	185	151	2	1	4	5	7	5	3	5	3	4	4	0	7	5	6	25	22	26	9	4	8	6	5	6	4	7	7	7	7	13	7	7	12	4	3	33	36	20	9	6	4	3	22	35	15	8	3	9	8	7	4	13	1	2	3	5	2	6	7	3	126	66	109	5	3	4	0	4	2	18	14	9	8	2	3	5	2	2	3	19	14	5	3	3	8	7	6	27	44	34	24	27	20	24	1	8	7	4	2	5	3	3	4	3
C[C>T]G	C>T	2	0	6	4	3	1	2	3	2	3	2	3	2	11	13	2	2	3	8	3	3	5	5	8	2	2	3	3	5	4	2	1	5	3	2	2	3	3	4	1	2	1	3	3	5	1	2	1	1	3	2	1	0	2	1	2	5	4	2	2	5	1	4	5	2	4	6	1	2	5	6	6	6	3	4	4	2	3	4	3	3	2	4	4	1	2	2	2	5	1	3	5	1	2	2	3	1	1	5	5	8	4	7	3	2	1	4	6	2	1	2	0	3	0	4	7	8	8	5	2	1	0	4	2	2	6	3	4	3	3	1	2	3	5	3	2	6	5	6	5	3	5	2	5	3	12	4	1	4	5	1	0	4	2	2	2	2	3	2	0	4	3	1	2	2	4	1	1	0	0	4	6	2	4	5	5	4	9	3	3	5	4	2	2	5	5	2	3	3	2	1	0	1	1	4	2	3	2	13	5	5	1	4	4	3	3	1	2	1	0	0	2	7	2	1	3	3	54	23	15	2	0	8	7	2	0	5	4	4	5	3	1	2	2	6	6	7	3	6	3	6	3	3	3	4	1	4	1	9	6	3	6	4	1	3	7	0	3	3	4	6	0	4	5	4	3	5	5	7	4	1	5	2	2	4	1	4	3	2	0	8	5	5	3	5	4	0	2	1	2	4	5	3	2	3	2	3	1	3	0	4	10	1	5	4	4	5	12	16	14	8	13	13	5	2	3	7	7	4	6	2	1	3	3
C[C>T]T	C>T	2	2	5	4	3	3	3	6	5	6	3	5	44	80	70	6	6	3	8	4	5	13	9	1	4	6	3	5	5	5	5	5	37	54	54	13	24	9	3	3	5	3	1	1	4	2	4	5	1	4	2	1	2	5	5	2	0	2	1	6	2	4	4	2	3	4	17	20	12	1	1	5	2	2	4	3	2	4	7	7	3	3	4	7	5	2	4	3	4	3	4	5	2	5	2	3	6	4	5	5	23	21	25	2	2	5	15	9	9	3	2	8	1	4	3	52	33	53	1	8	1	7	4	5	5	6	6	3	4	9	6	9	7	10	16	9	7	9	9	5	3	5	5	9	3	10	2	6	2	3	3	2	0	3	2	4	1	3	1	2	2	3	5	2	3	3	2	1	1	5	3	0	9	13	7	6	26	15	5	15	13	15	5	1	5	7	12	9	1	6	4	6	2	5	2	4	4	0	3	4	9	9	5	4	4	2	4	1	30	1	1	27	28	23	6	10	1	326	197	112	4	2	7	6	7	4	5	3	2	4	1	2	5	7	7	29	22	33	11	13	8	11	6	9	8	10	8	13	33	18	12	6	15	3	4	25	23	23	5	2	5	6	22	21	16	2	1	9	7	2	3	11	3	3	5	1	5	1	2	4	105	73	118	2	2	0	1	4	2	32	18	13	4	9	4	4	4	3	5	13	16	16	5	5	8	13	11	21	34	23	11	37	32	31	7	10	13	5	2	3	2	3	5	2
C[T>A]A	T>A	0	0	0	1	0	0	0	0	0	1	0	2	19	13	22	2	0	2	0	0	0	0	1	0	1	1	1	0	0	0	1	6	18	5	7	2	0	1	0	1	0	0	0	0	1	1	0	0	2	0	1	0	1	1	0	0	0	0	1	4	0	0	1	0	0	1	0	3	0	0	3	1	8	6	4	1	1	0	2	1	0	0	1	2	2	1	2	1	21	7	12	3	1	2	0	0	1	33	19	14	6	9	12	0	0	0	2	0	7	1	0	2	0	0	1	6	8	4	0	1	1	0	1	2	1	2	1	0	8	10	3	1	1	2	1	4	9	0	11	0	2	0	1	94	62	117	1	0	3	3	2	1	1	0	0	0	0	0	2	3	0	0	2	0	1	2	0	1	0	1	0	0	41	72	26	0	2	4	0	16	6	13	0	0	0	0	0	1	2	0	0	0	0	4	0	0	2	0	0	7	4	3	2	1	0	1	1	1	4	0	0	4	7	5	0	1	0	5	6	3	0	0	4	3	0	0	1	0	0	0	1	0	1	0	1	19	9	15	2	0	1	1	0	3	1	2	2	4	3	3	3	3	5	0	0	7	5	5	0	1	1	1	4	3	2	0	2	3	3	0	0	3	1	0	0	0	2	0	1	0	13	12	9	5	7	2	0	0	2	14	10	4	0	1	0	0	0	0	2	2	1	1	0	0	2	4	1	55	82	81	84	11	7	8	33	15	70	2	0	0	1	1	1	2
C[T>A]C	T>A	1	0	1	1	0	1	0	2	0	2	1	1	17	20	18	0	1	0	1	1	0	0	2	1	1	1	1	0	3	2	0	1	24	6	9	0	2	0	2	1	2	0	0	1	0	0	0	0	1	0	0	0	0	0	0	0	0	2	2	3	1	1	0	0	1	0	1	1	0	0	0	0	4	3	4	1	2	0	2	1	0	0	1	1	0	0	1	0	15	7	7	3	0	0	0	0	1	30	6	11	2	8	8	0	0	1	2	0	1	2	0	1	0	0	1	7	2	5	0	1	0	0	0	1	0	1	0	0	8	13	7	2	1	0	3	2	9	2	3	0	1	1	2	37	33	51	1	0	1	5	3	0	0	0	1	0	1	1	0	1	1	1	0	0	1	0	0	0	0	1	0	1	37	83	27	3	6	2	0	12	7	10	1	1	0	2	0	1	1	1	1	0	1	4	1	0	1	1	1	1	0	0	2	0	0	1	1	1	8	0	0	2	3	7	1	0	2	10	9	6	3	0	7	0	0	0	0	1	0	0	0	2	0	0	0	26	17	11	1	5	1	8	3	2	4	3	4	3	20	9	4	6	6	0	0	3	4	3	1	1	1	1	6	6	8	2	0	4	6	1	0	1	0	0	1	0	0	1	0	1	19	16	32	3	5	1	2	0	1	2	2	1	1	0	0	2	0	1	0	1	1	1	1	0	0	4	1	57	80	95	49	5	2	5	9	18	54	0	0	0	1	0	0	1
C[T>A]G	T>A	0	1	0	0	1	1	1	0	0	0	1	2	89	71	79	2	4	1	2	2	0	3	0	0	1	1	1	0	0	3	1	6	42	4	16	2	3	0	0	1	0	0	0	1	1	0	1	0	0	0	0	3	0	1	1	1	0	5	6	13	2	0	0	0	0	0	0	2	0	0	0	2	6	2	1	0	1	2	1	2	0	0	0	0	2	0	0	1	44	24	25	0	2	1	0	0	0	71	29	35	26	30	34	0	0	0	4	0	2	0	1	1	0	0	1	13	6	10	0	1	1	0	0	2	1	5	1	0	17	27	33	1	1	2	4	3	23	9	12	0	1	0	1	128	92	281	1	0	1	1	3	0	0	0	0	1	1	0	1	2	0	0	1	1	0	0	0	0	3	2	0	0	84	162	45	2	2	3	1	43	30	30	0	1	2	1	3	0	0	0	0	1	1	5	0	0	2	0	1	3	2	4	3	0	0	0	1	1	8	0	2	15	17	13	1	1	2	3	4	2	1	2	7	5	1	0	1	0	0	1	0	1	1	0	0	40	9	15	3	1	1	0	1	0	0	2	2	2	18	6	4	4	3	0	0	1	3	5	1	0	0	0	5	5	2	0	0	8	10	2	1	4	0	0	0	0	0	0	0	0	20	13	25	20	12	0	0	1	0	4	6	4	0	0	3	1	1	1	0	1	1	1	2	1	1	4	3	128	157	180	160	3	4	8	51	44	135	1	1	0	2	0	0	0
C[T>A]T	T>A	0	0	3	0	1	0	0	0	0	0	1	4	17	25	25	4	1	2	4	2	0	1	4	1	0	1	0	0	0	2	1	3	27	5	10	0	0	2	1	1	1	0	0	1	0	1	0	0	1	0	0	0	0	0	0	2	0	3	3	6	2	3	0	0	0	1	1	4	0	1	1	4	5	6	2	1	0	1	0	3	1	1	0	0	1	1	1	1	18	3	6	1	2	1	0	0	0	27	13	10	7	12	5	2	1	0	6	1	1	0	0	0	2	0	1	5	3	3	0	0	0	0	2	0	0	2	1	2	7	8	10	0	1	0	1	1	17	1	17	0	0	0	1	46	42	95	0	0	5	0	1	0	1	0	1	1	0	0	5	0	0	1	0	0	0	0	1	0	0	1	0	0	53	137	59	1	6	4	1	22	7	10	0	1	0	0	2	4	2	0	0	2	1	6	0	0	2	1	0	2	2	0	2	2	1	3	1	0	9	0	3	5	5	5	0	0	0	6	11	2	2	0	1	2	4	0	2	0	0	2	1	0	0	0	0	14	14	20	2	2	1	0	1	0	0	1	4	1	25	19	4	4	14	0	0	3	6	6	1	0	3	2	6	7	6	0	1	4	6	9	2	4	0	0	1	0	0	0	2	3	33	18	30	7	10	1	1	0	2	12	7	4	1	1	1	0	2	1	0	1	0	1	1	1	3	4	1	117	129	156	111	10	11	4	20	21	62	1	0	0	0	2	1	0
C[T>C]A	T>C	0	0	3	1	0	1	3	1	0	0	0	0	4	3	6	3	0	0	1	0	1	1	3	2	3	2	0	0	1	6	9	6	23	13	16	3	1	2	0	0	0	3	1	1	0	1	1	1	0	2	1	3	0	4	3	1	1	2	6	5	2	2	1	1	0	0	2	0	1	1	1	2	1	6	4	3	2	1	3	0	3	0	1	2	2	0	4	0	6	2	4	2	1	0	1	2	1	7	3	5	3	3	2	1	1	1	1	1	2	0	0	1	0	1	1	13	7	16	0	1	0	0	1	3	9	7	0	1	25	23	29	0	0	2	4	2	17	3	22	0	0	1	2	4	6	2	0	0	2	2	1	1	0	0	0	0	1	1	0	0	1	3	2	2	2	1	1	0	0	0	0	0	39	56	31	2	5	2	0	3	0	4	0	1	0	2	1	0	0	3	2	2	1	1	0	1	0	2	2	4	8	0	3	2	2	1	4	0	10	0	0	4	4	2	0	2	2	5	5	1	0	0	5	2	2	1	0	0	0	0	0	0	2	2	0	5	3	1	1	0	2	5	0	1	1	0	3	1	8	3	5	2	2	0	0	1	2	2	2	3	1	1	0	3	3	0	0	4	2	2	14	11	0	1	0	0	3	1	1	0	5	3	6	3	4	0	2	2	2	8	7	7	2	1	0	1	0	0	1	2	4	1	0	0	6	3	3	82	83	73	79	5	8	3	10	5	13	0	3	2	1	0	0	1
C[T>C]C	T>C	2	1	2	1	0	0	0	0	0	1	1	0	1	3	0	0	0	2	0	0	0	1	1	0	1	1	0	0	0	12	15	12	30	23	15	0	1	0	1	1	2	1	1	1	0	0	1	1	1	0	1	0	0	1	0	0	0	1	1	2	0	0	1	0	1	1	0	0	0	0	0	0	1	3	1	1	1	0	0	1	1	1	0	1	1	0	1	0	1	0	1	1	3	1	0	2	0	2	5	0	0	1	1	0	0	0	0	1	1	0	0	1	0	0	2	1	1	0	0	1	0	0	0	18	7	11	1	2	49	68	49	1	0	1	0	2	4	1	1	0	2	1	0	0	0	1	1	2	1	2	1	0	0	1	0	0	0	0	0	0	0	0	3	1	1	0	0	1	1	0	0	2	3	3	3	1	2	2	0	1	5	1	1	0	0	0	1	0	0	0	0	1	0	0	0	0	0	0	0	1	0	1	1	1	0	0	3	1	9	0	0	5	0	1	1	1	2	3	5	0	0	0	1	0	1	0	1	0	0	0	1	1	1	0	0	7	3	5	0	1	1	1	0	2	0	1	0	3	12	5	1	0	0	1	0	1	6	2	1	0	0	3	1	3	1	0	1	0	0	1	8	10	1	0	1	0	1	2	0	0	4	1	9	2	1	1	1	0	0	0	1	0	1	0	1	3	0	0	1	0	0	0	1	0	3	0	0	2	5	7	7	1	0	1	1	1	5	0	0	0	0	1	0	2
C[T>C]G	T>C	0	1	0	1	1	0	0	1	2	0	1	2	4	6	0	0	0	1	1	0	2	1	4	2	1	0	0	2	2	7	8	3	17	6	7	2	4	3	0	2	2	0	1	0	0	1	1	0	2	1	0	0	0	4	0	3	0	0	2	2	0	1	2	3	2	0	3	4	1	0	2	1	2	4	1	1	2	0	3	1	1	0	3	0	2	2	2	0	4	1	1	0	1	1	0	1	0	2	5	6	0	2	2	2	1	0	1	0	0	1	2	0	0	0	0	5	3	7	1	0	1	0	0	6	4	4	0	1	12	31	20	2	2	0	2	0	12	4	7	2	0	2	3	1	1	5	1	0	1	1	2	2	0	1	0	0	0	1	2	0	1	1	1	0	3	0	1	1	0	0	2	0	26	24	21	1	2	0	0	2	3	3	1	2	2	1	1	1	0	0	1	0	2	3	1	0	1	1	1	2	1	2	0	1	0	0	1	0	8	1	2	2	4	2	0	1	2	6	1	2	1	3	3	1	4	2	0	0	1	0	1	1	0	1	0	1	2	1	1	1	0	0	2	1	0	2	1	4	5	2	2	3	4	0	0	3	3	2	0	0	0	0	1	1	0	2	0	0	0	0	5	5	0	0	1	1	1	1	2	2	9	3	3	3	3	2	0	1	0	2	2	3	1	0	3	1	3	1	1	0	2	0	2	1	2	3	4	38	46	33	45	5	5	2	3	2	12	0	0	0	2	2	1	1
C[T>C]T	T>C	1	1	3	3	0	0	1	0	2	1	0	1	3	7	6	2	1	1	0	0	1	1	1	2	2	1	1	0	2	8	5	7	14	8	11	3	5	2	1	2	1	1	2	1	1	1	0	2	0	1	0	0	1	2	1	4	0	0	1	1	1	1	1	3	2	0	4	1	1	2	1	3	2	1	0	2	1	2	3	1	0	1	1	2	0	0	2	1	1	1	3	1	1	3	1	1	2	3	2	2	2	1	3	0	0	1	5	1	2	2	2	1	1	1	1	2	2	6	1	0	0	2	2	7	7	2	2	1	13	27	23	1	1	0	3	1	12	3	8	1	1	1	0	1	1	3	2	1	4	5	3	1	0	2	0	1	1	2	1	2	0	1	1	0	3	0	0	0	0	2	0	0	12	19	15	2	5	2	1	2	2	3	0	0	2	1	2	0	0	3	1	0	2	2	1	1	1	1	1	2	2	1	2	1	0	1	0	1	13	0	0	3	5	3	0	1	3	16	19	2	2	1	0	3	0	0	0	0	0	0	1	3	3	0	0	4	3	3	0	2	0	1	0	2	2	1	1	2	6	10	5	2	2	0	0	2	3	4	1	1	0	0	0	5	1	0	2	0	1	0	8	9	0	0	1	1	1	1	0	0	5	4	6	8	3	2	0	0	1	4	3	4	0	1	2	2	1	1	1	1	4	0	2	0	1	0	2	22	39	21	32	7	5	6	5	1	3	1	2	0	0	1	1	1
C[T>G]A	T>G	0	0	1	1	0	0	0	0	1	0	1	1	0	1	1	0	0	1	1	0	0	1	0	0	1	0	0	0	1	0	1	4	5	1	5	0	0	0	1	0	1	0	0	0	1	0	1	0	0	1	0	0	0	1	1	1	0	0	0	0	0	0	1	1	1	1	0	0	0	2	0	1	7	4	6	0	0	0	1	0	1	0	1	1	1	0	0	0	1	0	1	1	0	0	1	0	0	0	3	1	0	0	0	1	0	0	1	0	1	0	1	0	0	0	0	0	1	1	0	0	0	1	0	0	0	4	0	0	0	0	1	0	0	0	1	0	1	0	1	0	1	0	0	5	3	9	1	0	2	3	4	1	0	0	0	0	0	0	1	0	0	0	0	0	0	0	1	0	0	0	1	0	1	8	3	2	0	0	0	0	0	1	0	1	0	1	0	1	0	0	0	0	1	1	0	1	0	0	2	2	1	0	1	1	0	0	0	0	4	0	0	0	1	1	0	0	0	3	0	0	2	0	1	0	3	2	0	0	0	0	1	0	0	0	0	4	4	7	1	0	0	1	0	2	1	0	1	2	3	0	3	1	1	0	1	0	1	0	0	0	0	0	0	2	0	0	0	0	0	0	0	1	0	0	0	1	0	0	0	0	2	0	2	0	0	0	0	0	0	2	1	0	1	0	0	0	0	0	0	0	1	0	0	0	0	0	1	2	7	5	4	2	1	1	1	2	4	1	0	0	0	0	1	0
C[T>G]C	T>G	0	0	0	0	0	0	0	1	0	0	0	2	1	1	2	0	0	0	0	0	0	2	0	1	1	0	0	1	2	2	0	2	6	5	5	0	0	0	1	0	1	0	0	1	0	0	1	0	0	0	0	0	0	0	0	0	0	0	0	0	0	1	1	2	0	0	0	1	0	0	0	0	2	3	9	0	0	1	0	0	0	0	0	0	0	0	0	0	0	1	1	1	0	0	0	0	0	3	0	4	0	1	0	0	0	0	1	1	0	0	0	1	0	0	0	1	0	1	0	0	0	0	0	5	0	2	1	0	4	2	2	1	0	0	0	1	0	1	0	0	0	0	1	1	0	5	1	0	3	2	7	0	0	0	0	0	0	1	1	1	0	0	0	1	0	1	0	0	0	0	0	0	0	2	0	1	0	0	0	0	1	0	0	0	0	0	0	0	0	1	0	0	1	1	0	0	0	0	0	0	2	0	0	1	0	0	0	0	7	1	0	0	0	1	0	0	1	4	1	0	0	0	1	0	0	0	0	0	0	0	0	0	0	0	1	10	5	1	3	0	1	0	1	1	0	0	1	2	5	3	2	1	2	0	0	0	1	0	0	1	1	0	1	1	1	0	0	0	0	1	2	1	0	0	0	0	1	0	1	0	1	0	1	0	1	0	0	0	1	1	0	0	0	1	0	0	0	0	0	1	0	0	1	0	0	0	0	0	2	1	3	1	3	1	1	3	3	0	0	0	0	0	1	0
C[T>G]G	T>G	1	0	0	2	0	1	0	1	1	1	1	4	6	15	9	0	1	2	0	0	1	0	0	0	0	0	0	1	2	2	1	4	31	6	18	1	2	0	0	0	1	1	0	0	0	1	0	0	0	1	0	0	0	0	0	0	0	0	3	0	0	0	3	2	0	0	1	3	1	0	0	0	1	3	4	1	0	0	0	0	0	0	1	0	0	0	0	0	2	2	3	2	0	0	0	0	0	2	1	5	5	6	3	1	0	0	1	0	1	1	0	0	0	0	0	3	5	4	1	1	0	0	0	1	1	2	1	0	3	4	6	0	1	0	2	0	2	0	1	0	0	0	0	5	0	0	1	0	3	0	2	0	1	0	0	1	0	1	0	1	0	1	0	0	1	0	0	0	0	1	0	0	2	3	1	3	0	2	0	7	7	4	0	0	0	0	0	0	2	0	0	0	2	5	0	0	0	0	0	1	1	1	1	1	0	0	0	2	7	1	2	10	6	5	0	1	1	0	0	1	1	0	0	0	0	1	0	0	0	1	0	1	1	0	0	18	8	5	0	0	0	0	0	1	0	0	2	2	10	0	13	6	9	0	1	0	1	0	0	0	0	0	0	0	0	0	0	3	2	1	2	4	0	0	0	2	0	0	1	0	1	2	1	0	1	1	0	0	0	1	1	2	2	0	0	1	2	1	0	1	1	2	0	0	3	2	0	4	7	8	4	5	1	2	7	2	9	0	0	0	1	0	0	0
C[T>G]T	T>G	0	0	1	2	3	1	0	0	1	1	3	1	2	1	1	1	1	0	0	0	0	0	0	0	0	1	0	1	0	0	0	4	23	3	8	2	0	0	1	1	1	0	0	0	0	1	0	0	0	4	1	0	1	0	1	0	1	1	3	1	1	0	0	1	1	1	0	2	0	0	0	1	4	5	2	1	1	1	1	0	1	0	1	2	0	3	1	0	0	2	1	0	0	0	0	1	1	1	1	1	0	3	1	0	0	0	1	0	1	0	1	0	1	0	1	2	2	2	0	1	1	0	1	1	0	4	0	0	2	5	2	1	0	0	0	0	0	1	0	1	0	0	0	2	2	5	0	0	5	1	8	0	0	0	0	0	0	0	0	2	0	0	0	0	2	0	1	0	1	0	0	1	0	5	0	1	1	1	0	0	0	1	0	0	0	1	0	1	2	1	0	0	1	3	1	0	2	1	2	2	0	0	0	1	0	0	3	0	3	1	1	2	2	0	0	1	0	6	4	1	0	0	0	0	1	0	0	0	0	0	0	1	0	1	2	10	5	2	1	0	0	0	1	1	2	2	1	5	12	7	2	4	1	0	0	1	0	0	0	1	0	0	0	0	0	0	2	0	1	2	3	5	0	0	0	1	1	0	0	2	1	0	3	0	0	1	0	1	0	2	0	1	0	1	0	0	1	0	1	2	2	1	0	1	0	0	1	2	3	2	4	1	1	0	1	0	3	1	2	0	0	0	0	0
G[C>A]A	C>A	27	36	32	35	36	28	37	35	30	58	64	80	113	161	135	38	39	39	36	41	42	33	23	23	31	27	31	33	49	37	30	19	44	55	40	48	65	36	34	29	36	37	49	38	36	45	41	28	34	35	38	25	37	34	31	40	36	40	28	34	44	47	37	29	39	45	36	81	40	35	38	44	0	0	0	37	45	42	47	52	40	26	56	47	42	45	31	41	49	30	34	29	28	26	30	31	31	32	36	27	62	92	74	30	28	30	27	32	42	32	41	39	40	34	24	132	83	94	26	33	31	27	45	33	29	47	44	24	44	53	38	65	49	43	50	62	32	36	35	46	33	45	45	31	32	49	52	35	26	29	21	26	36	35	33	39	24	36	49	62	39	28	20	33	34	30	37	33	42	30	40	31	30	37	46	50	48	42	33	72	51	65	26	34	18	43	24	31	29	40	34	36	15	34	37	46	50	29	42	46	42	38	31	35	35	36	34	47	53	0	9	57	76	57	41	51	29	36	37	31	37	33	43	34	45	18	28	40	26	40	28	32	34	39	45	46	45	29	42	45	27	24	28	24	27	26	37	41	50	45	38	55	44	31	44	35	28	30	66	49	41	37	29	28	30	33	38	42	32	39	38	43	50	35	35	40	32	36	34	36	48	42	44	39	43	32	39	38	28	57	54	62	24	35	31	28	45	34	34	40	35	57	44	35	55	47	51	34	37	40	32	70	45	55	52	30	41	21	27	46	39	32	26	32
G[C>A]C	C>A	3	4	2	2	4	5	1	2	1	4	1	4	92	79	79	6	5	4	0	1	3	5	2	0	3	1	6	1	3	4	2	3	7	5	8	16	32	10	2	4	3	2	2	1	1	3	4	5	3	1	0	1	2	5	4	1	1	3	1	3	3	3	2	0	4	3	19	51	5	3	3	4	0	0	0	2	2	2	6	5	4	0	6	7	3	3	4	2	7	6	4	2	3	5	2	0	3	3	2	1	35	24	27	5	1	1	22	12	10	3	3	4	0	1	1	305	144	238	2	2	3	1	0	6	4	2	0	3	6	5	5	4	4	25	21	21	4	4	4	1	2	4	0	8	5	9	2	0	2	2	4	1	2	2	2	2	2	2	2	3	3	3	1	1	3	2	2	4	1	1	6	1	4	3	3	8	10	9	3	42	17	27	2	3	7	24	11	19	4	3	1	2	3	1	2	4	16	2	7	3	11	2	1	7	1	2	3	2	12	0	1	36	31	28	13	17	6	4	4	1	2	4	3	3	3	1	0	2	2	3	1	0	2	10	0	4	7	2	5	1	1	2	4	1	3	1	6	2	6	4	2	4	6	3	3	6	11	8	5	3	1	0	18	8	11	5	1	4	5	1	1	5	4	1	1	1	3	2	3	1	37	15	35	6	2	3	4	3	5	32	21	16	3	1	2	2	2	1	3	18	37	25	2	4	55	33	19	10	10	10	7	34	29	23	5	3	6	1	2	3	2	2	2	3
G[C>A]G	C>A	2	0	1	1	0	0	1	2	2	2	2	4	61	68	74	2	2	1	2	2	1	4	2	1	1	1	1	0	1	2	0	3	7	2	2	0	5	2	1	2	0	2	0	1	2	2	0	0	4	1	4	2	0	1	1	0	2	1	1	1	1	3	2	2	1	2	8	12	1	0	1	1	3	0	1	1	0	3	3	2	3	0	3	6	0	0	3	2	6	0	3	0	0	1	2	1	1	3	2	1	19	25	35	3	4	3	5	1	7	0	1	2	2	2	1	74	29	51	0	2	1	2	0	5	1	3	2	3	3	3	3	2	1	2	3	5	0	3	3	0	1	1	1	2	0	1	2	1	1	1	0	1	3	3	0	1	3	2	1	3	1	1	1	1	1	1	1	2	0	3	1	2	0	2	1	3	4	3	3	23	20	20	0	1	1	2	2	4	1	0	2	0	0	3	0	0	9	0	9	5	9	1	3	0	2	2	0	1	2	0	1	17	23	22	1	3	1	0	2	0	2	2	2	4	2	1	2	1	3	2	0	1	0	2	2	4	2	0	2	1	2	0	2	2	4	3	0	2	1	1	2	0	4	2	1	2	0	2	1	0	2	1	2	2	1	1	2	4	4	4	1	5	1	2	1	0	2	2	2	0	1	1	1	1	0	0	2	0	3	16	10	13	1	0	0	2	2	1	5	4	5	5	3	4	12	12	10	8	5	5	4	14	10	12	9	5	7	2	3	2	1	2	1	0
G[C>A]T	C>A	14	16	18	18	12	10	16	9	9	26	18	25	80	85	98	23	11	14	8	16	12	9	13	14	13	16	13	6	14	12	10	11	19	16	19	27	32	17	12	13	12	20	11	15	9	20	12	14	13	20	13	17	10	12	10	16	12	14	7	13	14	15	14	17	10	14	19	37	14	24	9	17	1	2	2	14	14	18	10	14	20	11	17	30	18	15	18	17	14	15	13	10	13	14	11	14	17	13	24	12	40	42	48	16	14	13	17	38	13	13	13	12	19	18	12	140	72	79	11	9	14	14	11	7	14	18	14	19	22	15	17	21	17	16	20	30	6	22	20	19	10	11	11	14	19	9	17	12	12	14	9	16	5	12	15	16	12	7	23	17	20	14	13	13	16	21	9	15	8	8	19	7	18	16	11	15	21	16	13	29	27	33	6	12	15	35	16	26	17	10	8	11	12	15	7	8	26	20	18	19	12	22	19	15	8	14	7	12	21	1	3	31	36	29	21	27	16	13	14	14	14	21	10	13	9	8	10	25	11	15	11	10	17	16	19	17	18	13	20	10	19	16	24	8	14	19	8	20	20	14	11	14	12	11	15	8	14	17	16	19	12	12	16	10	14	12	11	10	10	15	16	24	11	10	18	20	10	18	17	20	22	13	20	13	13	14	13	16	10	28	24	25	7	16	20	16	21	18	15	34	33	29	12	11	25	25	18	23	18	29	12	32	21	16	12	8	16	14	14	15	7	15	12	19
G[C>G]A	C>G	0	0	2	2	1	0	0	0	0	1	0	0	11	24	11	3	1	0	2	0	0	1	2	2	1	0	0	0	0	0	0	2	2	0	3	4	4	3	0	0	2	1	0	1	2	0	0	0	0	3	1	1	0	1	1	0	2	0	0	1	0	2	1	0	0	1	3	5	2	0	2	0	2	0	0	1	0	0	1	0	2	0	0	1	1	0	1	0	1	0	1	1	0	0	1	0	0	2	1	1	5	6	10	0	0	1	8	2	2	3	0	0	0	0	1	27	14	18	2	1	2	0	0	0	0	1	2	0	1	2	5	0	0	0	3	2	1	1	1	0	0	0	2	2	1	0	3	0	0	0	1	0	0	1	0	0	2	0	2	0	2	0	0	0	2	1	2	1	1	0	0	0	0	1	0	1	4	1	1	9	7	2	2	0	0	2	0	2	0	0	2	0	0	0	1	0	2	1	0	2	3	5	1	3	1	1	1	2	3	0	0	11	22	9	0	2	2	3	0	0	0	0	0	0	0	0	2	0	0	0	0	0	0	0	1	2	1	2	1	0	0	1	0	1	2	1	2	2	1	1	0	0	1	0	0	1	2	0	1	2	0	0	4	1	1	0	2	0	1	1	0	1	0	0	0	0	0	1	0	0	1	1	1	0	1	0	1	1	1	4	4	3	1	0	1	1	0	0	1	0	1	3	1	0	3	7	3	2	4	3	3	8	3	8	1	0	3	1	0	2	0	1	2	1
G[C>G]C	C>G	1	0	1	0	1	1	0	2	0	2	1	0	10	9	9	1	0	0	0	0	0	0	0	2	0	1	0	0	3	0	0	3	2	0	1	3	4	0	1	0	0	0	0	0	0	0	1	1	1	1	0	1	0	0	1	0	0	0	0	0	0	2	0	0	1	0	3	8	0	1	0	0	0	3	0	0	0	2	2	1	0	0	0	1	0	0	0	0	1	0	2	0	3	0	0	1	0	0	1	0	3	4	7	0	0	0	2	2	0	0	0	2	0	1	1	52	19	51	0	1	0	1	1	0	0	0	2	0	1	0	1	0	2	3	3	1	2	2	2	0	0	0	1	1	1	1	0	0	0	1	1	0	0	0	0	0	0	0	0	0	0	0	0	0	1	0	1	1	0	0	0	0	3	0	1	1	3	0	0	2	6	4	0	0	0	2	2	1	0	0	0	0	0	1	0	0	6	0	2	3	1	0	1	2	0	0	1	0	2	0	0	8	6	9	0	6	4	0	0	0	0	0	0	1	1	1	1	0	0	2	0	0	0	1	1	2	0	1	0	0	0	0	1	0	0	3	1	0	2	1	2	1	0	0	2	1	5	1	0	0	0	0	1	2	1	0	0	3	0	0	3	0	0	0	0	1	0	0	0	0	4	1	7	1	0	0	0	1	0	4	2	1	0	1	1	0	0	0	1	2	5	2	0	0	12	10	5	0	3	4	0	4	5	7	1	1	5	1	1	2	1	2	0	0
G[C>G]G	C>G	0	0	1	0	1	0	0	0	0	1	0	0	13	18	13	0	0	0	0	0	1	0	2	1	1	0	0	0	0	0	0	0	0	1	1	1	0	0	1	0	2	0	1	1	0	2	0	0	0	0	0	1	0	0	0	0	0	0	0	1	0	1	1	0	0	0	1	0	1	1	0	0	0	1	1	1	0	0	0	0	0	1	0	0	0	0	1	1	0	0	0	0	0	0	1	0	0	0	0	1	4	4	4	1	1	1	1	1	0	0	1	0	0	0	0	20	13	24	0	0	0	0	0	0	1	0	0	1	2	0	0	0	1	2	2	1	1	1	1	0	0	0	0	0	0	0	0	0	0	1	0	1	0	0	0	0	0	1	1	0	0	0	0	0	0	1	0	0	0	0	0	0	0	0	0	0	0	0	0	7	6	4	0	1	0	1	0	0	0	0	0	0	0	0	0	1	2	1	1	0	0	1	0	2	0	0	0	0	1	0	1	11	17	9	0	1	0	0	0	0	0	0	0	0	0	0	0	0	0	0	1	1	0	0	1	1	0	0	0	0	0	0	0	0	0	0	1	0	0	2	2	0	0	0	0	0	0	0	0	2	0	0	0	0	0	1	0	0	0	1	0	0	1	0	0	1	0	0	0	0	0	1	1	0	1	2	0	0	1	1	3	2	0	0	0	1	0	0	0	1	2	2	1	0	4	5	1	1	1	2	1	2	2	3	3	0	1	0	0	0	0	1	0	1
G[C>G]T	C>G	0	1	2	1	2	0	0	1	0	1	1	0	6	13	8	2	0	1	0	0	0	0	0	0	1	1	0	0	1	1	0	2	2	2	2	3	4	1	1	3	0	0	0	0	0	0	0	0	0	0	0	1	1	1	1	3	0	1	1	0	0	0	0	1	1	0	3	10	1	1	0	2	0	0	0	1	0	1	0	2	0	0	0	0	0	0	1	1	0	1	2	1	0	1	1	1	0	0	0	1	1	5	1	0	0	0	2	1	2	1	0	0	0	0	1	26	14	23	2	0	2	1	0	0	1	0	1	2	0	1	2	1	0	1	5	3	1	1	0	1	1	0	0	1	1	1	0	0	1	1	0	1	0	0	0	0	0	3	0	1	2	1	1	3	0	0	0	3	0	2	2	1	1	2	0	3	2	1	1	4	5	2	0	1	0	0	1	1	1	0	0	0	0	1	1	1	0	0	0	0	2	0	3	2	0	0	2	0	4	0	1	5	10	8	1	4	3	0	0	1	0	0	0	0	1	1	0	0	0	1	2	1	0	0	2	0	1	2	1	0	1	0	0	0	1	1	0	2	2	2	2	0	3	0	0	2	3	1	1	1	0	0	6	2	1	0	1	0	0	0	1	2	1	2	1	0	0	0	0	1	4	3	2	0	0	1	0	0	1	2	3	1	1	0	0	1	1	0	1	2	1	2	2	0	5	1	3	5	0	2	0	5	7	2	0	1	3	2	0	1	1	2	0	0
G[C>T]A	C>T	4	4	7	6	7	5	3	4	3	4	4	7	14	18	13	2	3	4	4	5	1	10	5	6	1	2	2	6	8	6	6	5	19	19	45	7	6	7	4	5	7	1	4	3	6	1	3	10	2	5	2	3	3	1	5	4	0	5	8	6	2	8	1	5	3	9	3	8	5	6	2	6	0	0	0	3	3	6	10	9	4	6	4	5	5	2	3	4	2	1	7	5	4	4	5	5	5	6	3	6	12	4	6	5	4	2	4	8	5	4	4	2	3	3	5	15	5	11	1	3	2	1	1	4	6	1	4	2	20	21	22	10	3	8	6	4	8	8	4	6	3	3	2	11	5	5	8	6	1	3	2	1	4	2	0	1	2	2	3	4	3	1	4	2	1	6	4	3	1	1	4	2	4	8	3	2	6	10	1	6	3	6	0	4	2	8	0	3	3	6	5	3	1	6	3	4	5	7	3	4	8	5	5	5	3	3	1	4	9	0	0	7	7	5	3	10	5	5	5	3	1	2	4	2	4	5	3	3	1	2	2	4	4	2	4	28	18	27	7	9	7	4	9	10	7	14	7	18	25	14	3	6	9	5	1	7	8	6	8	5	4	2	6	10	4	5	7	3	1	6	5	8	5	5	3	4	3	3	5	7	13	7	18	4	9	1	3	7	2	17	12	8	5	4	4	4	1	5	1	5	6	8	2	2	5	6	4	8	8	8	8	17	19	10	4	3	3	2	3	6	4	1	8	2
G[C>T]C	C>T	4	1	7	6	9	1	0	4	3	2	3	5	10	9	15	3	3	3	6	4	2	8	2	4	1	1	1	0	0	6	4	6	45	121	118	5	1	3	1	1	2	1	2	1	1	4	3	3	4	0	3	6	3	1	4	2	3	2	4	0	1	1	1	6	2	3	9	11	8	5	2	8	0	1	0	2	1	2	1	3	3	0	6	1	4	1	3	3	5	4	2	3	5	1	4	1	2	3	1	0	3	10	5	0	1	1	5	2	2	2	3	3	0	3	2	46	26	27	4	4	2	3	2	3	5	4	1	1	13	14	18	3	3	6	4	7	4	2	6	1	6	1	2	1	4	7	1	2	0	1	2	3	2	2	1	1	2	4	2	2	3	2	0	3	2	4	4	3	2	2	3	2	4	3	1	1	7	5	3	7	3	4	1	1	3	7	1	4	1	2	4	1	0	3	3	2	4	3	8	4	5	5	0	5	3	2	0	3	5	0	1	5	4	7	2	6	8	42	22	26	1	3	2	4	0	0	2	1	2	0	3	3	3	0	0	5	3	12	5	4	2	2	2	5	5	8	3	8	10	8	3	2	7	3	2	2	7	3	3	8	4	2	3	5	6	2	1	2	2	3	7	11	3	1	3	2	2	1	1	7	8	5	12	4	2	5	4	2	2	8	7	5	2	3	0	5	1	4	1	9	3	2	3	3	7	3	10	3	9	5	6	14	13	9	1	1	3	2	3	2	3	4	2	4
G[C>T]G	C>T	2	1	1	5	5	3	0	4	4	3	3	2	8	10	10	0	4	1	2	5	3	3	0	0	3	0	1	3	4	2	4	2	4	4	4	4	3	2	4	3	5	3	0	2	2	6	0	1	0	2	5	2	0	2	3	2	3	2	2	1	4	4	3	3	5	1	1	3	4	4	1	1	0	1	0	7	1	3	3	3	1	5	6	5	3	3	0	2	2	6	4	3	1	2	2	2	2	3	2	2	4	1	8	3	5	5	2	2	2	5	5	1	0	3	1	9	5	11	1	2	1	1	3	4	3	3	1	1	5	8	4	1	4	2	0	6	4	7	1	2	1	2	4	1	0	9	2	7	2	0	1	1	2	3	2	0	0	0	4	5	3	2	1	1	4	2	2	1	4	0	3	1	1	3	0	1	2	1	4	1	1	2	3	1	2	1	5	2	3	4	0	0	0	2	3	0	4	0	3	1	4	5	5	1	3	1	1	5	3	0	3	3	2	2	3	1	2	2	3	2	0	1	3	4	1	4	2	3	0	4	3	1	5	3	2	3	4	4	6	3	2	2	1	1	4	3	4	3	6	4	3	5	1	1	4	1	2	4	4	5	6	0	2	2	1	3	3	1	1	2	3	1	1	0	2	2	3	3	4	0	1	1	4	3	3	3	1	3	1	3	6	4	3	3	2	2	1	0	2	2	5	3	3	3	3	4	5	5	4	4	3	5	5	4	1	3	7	4	3	2	5	4	2	3
G[C>T]T	C>T	0	0	4	9	7	3	4	1	2	2	3	2	22	24	14	5	3	1	9	2	5	6	3	1	0	3	5	3	2	5	4	2	44	82	76	9	17	3	7	4	3	4	4	3	4	1	4	0	1	5	2	0	3	2	2	1	2	2	3	2	3	3	3	4	2	1	9	24	3	2	3	2	1	3	0	1	2	4	4	2	3	3	2	2	1	4	3	0	1	1	2	2	2	1	4	0	1	5	3	2	7	7	6	0	1	3	4	3	5	0	2	2	1	1	1	36	16	32	3	3	2	3	3	3	5	5	3	2	6	10	12	7	1	9	4	1	3	6	4	0	2	2	1	5	2	2	5	5	3	2	1	0	1	5	2	1	4	3	1	2	1	3	1	6	3	3	0	0	4	3	3	2	1	2	4	1	8	3	1	12	9	9	1	1	2	6	1	7	1	1	3	4	2	3	3	4	3	4	7	1	5	4	6	7	3	2	3	0	14	0	1	6	5	8	10	7	4	16	15	3	1	0	3	3	6	0	2	4	2	3	1	1	3	6	4	12	10	18	6	3	4	6	11	5	11	4	5	2	10	7	8	5	7	4	1	1	5	3	2	2	4	4	3	6	7	2	6	1	3	7	1	16	4	6	3	6	0	3	2	3	4	4	7	5	0	2	5	9	3	12	11	2	2	2	3	5	4	4	1	7	2	10	3	4	7	8	2	1	9	9	5	14	11	10	2	1	5	1	3	3	2	3	2	3
G[T>A]A	T>A	0	0	0	1	0	0	0	0	0	1	1	0	8	6	14	2	0	0	0	2	1	2	1	0	0	0	0	0	0	0	0	6	14	6	2	0	1	0	0	0	0	0	0	1	0	0	1	1	0	0	0	0	0	0	0	1	1	0	4	2	0	0	0	1	0	0	2	0	0	1	0	0	3	1	0	1	0	0	9	1	0	0	1	1	0	0	0	0	14	3	5	0	1	1	1	0	0	11	9	9	6	7	8	0	0	0	0	1	3	0	1	0	0	0	1	6	1	2	1	1	1	0	0	0	0	3	0	1	18	22	14	0	1	0	1	2	6	4	6	0	1	1	1	30	22	64	0	0	1	0	1	0	0	0	1	0	1	1	1	2	1	1	0	0	0	0	0	0	0	0	0	0	24	83	30	2	3	3	1	7	2	6	0	0	0	0	0	1	0	0	0	0	0	0	0	2	0	0	2	3	1	0	0	0	0	1	0	0	2	0	1	4	4	1	0	0	0	1	2	2	1	0	6	0	0	0	0	1	0	0	0	0	0	1	2	9	1	4	0	0	0	0	0	0	0	1	3	1	2	1	5	3	4	0	0	0	0	0	0	0	0	1	2	0	1	0	0	3	5	3	3	3	0	3	0	0	0	0	0	0	1	1	2	2	4	1	1	0	0	24	12	6	1	0	1	0	0	0	0	0	1	1	1	0	1	0	1	51	67	100	61	7	3	2	15	12	26	1	1	0	0	0	1	0
G[T>A]C	T>A	0	0	0	0	0	0	0	0	0	2	0	0	3	2	6	0	0	0	2	1	0	1	0	0	0	2	0	0	0	0	1	2	13	1	4	0	0	0	0	0	0	0	0	0	0	0	1	0	0	0	1	1	0	0	1	0	0	0	0	1	1	2	0	1	0	1	1	1	0	1	0	0	0	0	0	0	1	0	2	1	0	0	0	0	0	0	0	0	2	2	3	0	0	2	0	0	1	4	2	3	1	0	2	0	0	0	2	0	1	0	0	1	0	0	0	0	0	2	0	1	0	0	0	0	0	0	0	0	9	14	12	0	1	0	0	2	3	0	3	2	0	0	0	6	5	12	0	0	0	0	0	0	0	0	0	0	0	1	1	0	0	0	0	0	0	0	0	1	0	0	0	0	11	35	19	2	1	5	0	3	0	6	0	0	0	0	1	0	0	0	1	0	1	0	0	1	1	0	0	0	0	0	0	0	0	0	0	0	3	0	0	1	2	3	0	1	0	1	1	1	0	0	2	1	0	0	0	0	0	0	1	0	0	1	0	7	4	2	0	1	2	0	1	0	2	1	0	0	5	3	2	2	1	0	0	3	2	1	1	0	0	0	1	0	4	2	1	1	1	0	0	4	0	0	0	1	0	0	0	1	2	0	4	3	2	1	0	0	0	1	3	0	0	0	1	0	0	0	0	1	2	0	1	0	0	1	0	35	40	39	27	1	2	2	3	4	5	0	0	0	0	1	0	2
G[T>A]G	T>A	1	0	0	0	0	0	0	1	0	0	1	0	26	31	43	1	1	1	2	0	0	3	1	0	1	0	0	1	0	1	0	2	22	4	10	1	1	0	0	0	3	1	1	0	0	0	1	0	0	0	2	0	0	0	0	0	0	2	1	3	0	0	1	0	0	1	0	2	0	0	0	0	0	0	0	0	1	2	2	1	0	0	1	0	1	0	1	0	15	3	8	0	0	0	0	0	0	24	6	15	8	16	21	0	0	0	0	3	5	0	0	0	0	0	0	6	4	3	0	0	0	0	2	1	0	2	1	0	15	13	20	0	1	1	1	3	10	3	7	0	1	1	1	43	28	83	0	1	1	3	3	1	0	1	0	1	0	0	0	2	0	0	0	1	0	1	0	0	2	0	0	0	44	109	45	3	3	3	1	16	7	13	0	1	1	1	0	2	1	1	1	0	0	3	0	0	1	0	0	2	1	0	0	1	0	0	0	1	5	0	2	8	12	8	0	1	1	0	0	1	0	0	6	1	0	1	1	0	2	0	0	0	1	1	1	7	4	6	0	0	0	0	1	0	1	0	0	1	8	1	6	3	5	1	0	2	0	0	1	0	1	1	2	0	0	0	0	7	3	3	0	3	0	0	0	0	0	0	0	0	4	0	1	9	5	0	0	0	0	4	3	1	0	1	0	0	1	0	0	0	1	0	0	0	3	2	4	89	108	120	107	6	5	2	16	6	49	0	1	0	1	0	0	0
G[T>A]T	T>A	1	0	0	1	1	0	0	0	0	2	3	0	4	6	10	3	1	0	2	0	1	1	0	0	0	1	0	0	0	0	1	3	16	3	5	0	2	1	1	2	1	0	0	0	0	0	0	0	1	1	0	0	0	0	1	0	1	1	2	1	1	2	0	1	0	0	2	2	0	0	0	0	0	2	0	0	0	1	2	1	0	1	2	0	1	2	0	0	4	2	5	1	3	0	0	0	0	10	6	2	1	3	3	0	0	0	2	0	2	0	0	0	0	0	2	1	2	0	1	2	0	0	2	3	0	0	0	1	16	26	17	3	1	0	2	1	6	3	4	1	0	0	3	7	8	19	0	1	1	1	2	1	1	0	1	0	2	0	0	4	1	0	0	0	0	2	2	0	1	0	0	1	18	44	23	5	1	6	0	1	3	2	0	0	0	0	2	0	1	1	1	1	3	3	1	0	1	0	1	0	3	1	1	0	0	1	1	2	4	0	1	1	2	0	1	0	0	2	2	0	1	1	1	1	0	0	0	0	1	0	0	1	0	0	0	12	0	0	4	1	0	0	1	1	1	1	1	3	8	6	7	4	4	0	0	1	1	0	2	1	0	0	1	0	0	0	2	1	0	1	0	2	1	1	0	1	0	0	1	0	0	2	1	7	4	0	0	1	1	6	3	0	0	0	0	0	2	1	1	2	0	1	1	1	1	1	2	43	50	57	44	6	4	4	5	3	11	2	1	1	2	1	0	0
G[T>C]A	T>C	1	1	2	2	0	2	0	1	0	0	1	2	3	2	2	1	0	0	1	0	3	0	1	1	0	0	1	1	2	30	41	24	72	65	62	3	2	3	1	2	2	4	2	0	0	0	2	1	3	1	1	1	0	0	0	0	3	1	6	2	0	0	0	1	2	0	1	1	0	1	0	3	4	3	1	3	0	0	0	1	0	0	2	1	2	0	2	0	7	2	0	1	1	0	1	1	0	7	4	8	1	0	2	0	0	1	2	5	1	0	1	4	1	2	0	1	0	3	2	1	1	1	0	26	27	20	0	1	79	83	74	1	0	3	1	3	11	2	12	0	0	0	1	2	3	5	1	0	1	2	1	0	0	2	0	1	0	1	0	0	0	1	0	1	1	1	1	2	2	0	0	0	17	55	34	1	3	1	0	2	1	2	0	1	1	1	1	0	0	1	1	1	0	2	0	0	0	1	5	5	0	2	3	2	0	0	0	0	10	1	0	1	3	1	2	0	0	2	2	1	0	0	3	3	0	0	1	0	0	2	0	1	0	0	0	7	2	3	3	1	0	0	1	1	1	1	2	0	8	3	1	0	2	0	1	2	5	0	2	2	1	1	3	0	1	1	0	1	0	1	29	48	1	0	2	0	2	1	0	2	1	2	1	4	2	1	1	2	1	12	9	8	1	0	0	1	0	0	1	0	1	1	3	1	0	2	3	31	73	60	62	7	5	10	9	3	17	0	0	1	0	1	1	1
G[T>C]C	T>C	0	0	0	0	0	2	1	1	1	1	0	2	0	1	2	0	1	0	0	0	0	0	0	2	0	0	0	0	1	29	21	34	45	58	42	1	0	1	0	0	0	0	0	0	0	2	1	0	0	0	0	1	0	0	0	0	1	0	0	1	1	1	3	0	0	2	2	1	1	0	0	2	0	0	1	1	0	0	1	0	1	1	1	1	1	0	0	0	2	0	1	0	0	0	0	1	0	2	2	1	0	1	1	0	1	0	1	1	2	0	0	0	1	0	0	0	2	0	1	0	1	0	0	22	26	17	0	0	68	91	77	0	0	0	0	0	1	0	0	0	1	0	1	1	2	0	0	0	0	1	0	1	0	0	1	0	0	0	0	1	0	3	0	1	0	0	0	2	1	0	0	0	0	0	1	1	0	3	0	1	2	1	0	0	0	1	1	0	0	0	0	0	0	1	1	0	0	0	0	2	1	1	1	1	0	0	0	0	5	0	0	2	0	2	0	2	1	0	0	0	0	0	0	0	1	0	1	0	0	0	0	1	0	1	0	3	1	2	0	0	2	1	0	2	1	2	0	4	7	3	2	0	1	2	0	1	3	2	0	1	0	1	1	0	1	0	0	0	0	1	26	36	0	0	2	0	1	0	1	0	2	1	1	1	1	0	0	1	1	1	1	1	1	0	0	0	2	0	0	0	0	0	0	1	2	0	1	2	3	1	4	1	0	0	2	0	2	0	0	0	0	0	0	0
G[T>C]G	T>C	0	0	1	1	1	2	0	1	1	0	0	2	4	2	4	0	0	1	0	1	1	0	0	1	0	1	2	0	1	17	23	18	55	40	45	3	0	2	1	0	0	2	1	1	0	0	0	0	0	0	0	1	0	1	2	1	0	1	0	0	0	1	2	1	0	2	1	2	2	0	0	1	1	0	3	1	0	1	0	1	0	0	2	1	0	0	0	0	1	3	2	0	0	1	0	0	0	3	0	0	1	1	3	1	0	0	0	0	1	1	0	0	1	1	0	1	3	0	0	0	3	0	2	26	12	20	2	1	35	57	45	2	0	0	0	0	4	2	7	0	0	0	0	2	1	2	1	0	0	1	0	0	0	0	0	0	3	1	0	0	0	0	2	2	1	1	0	0	2	1	1	0	10	14	11	0	1	2	0	0	0	1	0	0	0	1	0	0	0	1	1	0	1	0	1	0	1	1	0	0	1	1	1	0	0	1	0	0	8	0	1	4	2	5	1	1	0	1	0	0	3	0	2	1	2	1	1	2	0	1	0	0	1	0	1	3	2	4	2	1	1	0	0	0	0	0	1	4	5	4	0	1	3	0	2	0	0	2	1	0	1	0	0	0	0	1	0	0	0	1	24	27	1	1	1	1	1	1	0	0	1	1	0	4	0	0	1	0	0	1	2	3	0	0	2	0	1	0	1	0	2	0	1	0	1	2	1	19	25	22	20	2	0	1	3	0	11	0	0	0	0	0	1	0
G[T>C]T	T>C	1	1	1	1	1	0	2	0	0	2	0	1	0	4	2	0	1	1	1	1	2	2	2	2	0	3	4	2	0	27	32	35	45	61	33	1	1	1	2	1	1	0	2	2	0	2	2	3	0	0	0	1	1	1	3	1	0	1	1	2	0	1	2	0	2	3	1	3	1	0	1	2	1	3	3	0	0	2	2	0	2	0	3	2	2	2	3	1	5	6	2	1	0	2	0	0	1	3	0	2	1	2	0	0	1	0	1	0	0	1	2	1	0	2	2	0	2	0	2	1	2	0	1	23	20	25	2	3	55	66	84	0	3	2	3	1	5	1	2	1	1	3	1	3	0	2	2	2	2	2	0	1	1	0	2	3	0	0	0	1	3	1	2	1	1	3	0	0	1	0	2	1	6	10	3	1	4	3	1	0	0	1	1	1	1	1	0	0	2	2	1	2	0	3	0	1	3	1	6	2	2	1	0	0	3	1	1	0	3	0	2	1	0	2	1	1	1	2	3	3	2	1	1	1	0	1	1	0	1	1	1	0	1	0	1	9	3	6	0	4	0	2	0	1	5	2	1	1	2	6	1	6	2	1	0	0	0	2	1	1	1	0	1	3	1	4	1	1	2	2	27	37	1	2	0	1	1	0	1	1	1	2	0	5	1	0	2	2	4	5	3	1	1	0	1	1	3	0	1	1	3	1	2	0	2	2	1	10	12	12	9	4	3	2	3	3	6	1	0	1	1	2	1	2
G[T>G]A	T>G	0	0	1	1	0	1	0	0	0	0	0	0	2	0	3	0	1	0	0	0	0	0	1	0	0	0	0	0	0	1	0	2	7	0	5	0	0	0	0	0	0	0	0	0	0	0	0	0	0	0	0	1	0	0	1	0	0	0	0	0	0	1	0	0	0	0	0	0	1	0	0	0	1	3	0	0	0	0	1	0	0	1	0	0	1	0	0	0	1	1	0	0	0	0	0	0	0	1	0	2	0	0	0	1	0	0	2	0	0	0	0	0	0	0	1	0	0	1	0	0	0	0	0	0	0	1	1	0	2	5	4	0	0	1	0	0	0	0	0	0	0	0	0	1	1	1	0	0	0	4	1	0	0	0	0	1	0	0	0	1	0	0	0	0	0	0	0	0	0	1	0	1	2	1	3	0	0	0	1	0	1	0	0	0	0	1	0	0	0	0	0	1	0	1	0	0	0	0	0	0	0	0	1	2	0	0	0	0	0	0	0	0	0	2	0	0	0	0	0	0	0	0	0	0	0	0	0	0	0	0	0	0	0	0	0	2	1	1	0	0	0	0	0	1	0	0	2	1	3	0	2	0	1	0	0	1	1	0	0	0	0	0	0	0	0	0	0	0	0	0	1	0	0	0	0	0	0	0	0	0	0	0	0	0	1	0	0	0	0	2	1	0	0	0	0	0	0	0	1	0	0	0	0	0	0	0	1	1	4	4	3	1	0	1	1	0	0	0	0	0	0	0	0	1
G[T>G]C	T>G	0	0	0	0	0	0	0	1	0	0	0	1	1	0	0	0	0	0	0	0	0	0	0	0	0	1	0	0	0	0	0	1	6	0	1	0	0	0	0	0	0	0	0	0	0	0	0	0	0	0	1	0	0	0	0	0	0	0	1	0	0	0	0	0	0	0	0	0	0	0	0	0	1	0	1	0	0	0	0	0	0	1	0	0	0	0	0	0	0	0	0	0	0	0	0	0	0	0	0	0	0	0	0	0	0	0	1	0	0	0	0	0	0	0	0	0	0	0	0	0	0	0	0	0	0	0	1	0	2	11	7	0	1	0	1	0	0	1	0	0	0	0	0	0	0	0	1	0	0	2	0	0	0	0	0	0	0	0	0	0	0	0	0	0	0	1	0	0	1	0	0	0	0	0	0	0	1	0	0	1	0	1	0	0	0	0	0	0	0	0	0	0	0	0	0	0	0	0	0	0	1	0	0	0	1	0	0	0	1	1	0	0	0	0	0	0	0	0	0	0	0	0	0	1	0	1	0	0	0	0	1	1	0	1	0	1	0	0	0	0	0	0	0	0	0	0	0	1	3	1	2	3	0	1	0	1	0	0	0	2	0	0	1	0	0	0	0	0	1	2	0	2	0	0	1	0	0	0	0	0	0	1	3	0	0	0	0	0	0	1	0	1	0	0	0	0	0	0	1	0	0	1	0	0	0	0	0	2	0	0	0	1	1	1	0	0	2	0	0	0	0	0	0	0
G[T>G]G	T>G	0	0	1	1	0	0	0	0	0	1	0	0	15	3	10	1	0	0	0	0	0	0	0	0	0	0	0	0	1	2	1	2	17	2	9	0	1	2	0	0	1	1	0	1	0	0	0	0	0	0	0	0	0	0	0	0	0	0	0	0	1	3	0	1	0	0	1	0	0	0	2	1	1	0	1	0	0	1	2	0	1	0	0	0	0	0	0	0	1	0	1	1	1	0	0	0	0	2	3	0	2	4	3	1	0	0	2	0	0	0	1	0	0	1	0	1	3	4	0	0	0	0	0	4	1	1	1	0	2	10	6	0	0	0	1	0	0	1	0	0	0	0	0	0	1	3	0	0	1	1	0	0	0	0	0	1	1	0	0	0	1	0	0	0	0	0	1	0	0	1	1	0	0	5	0	0	1	1	0	6	3	4	0	1	0	0	0	1	1	0	0	0	1	2	0	1	0	0	0	1	1	0	1	0	0	0	1	1	4	0	0	6	2	3	0	0	0	0	0	0	0	1	0	2	0	0	0	1	0	1	0	0	0	0	0	5	2	1	0	0	0	0	0	0	2	0	1	1	0	1	8	6	6	0	0	0	1	0	0	1	0	0	0	2	1	0	0	1	1	0	2	2	1	0	0	0	0	1	0	0	1	1	2	1	0	0	0	0	0	4	1	3	1	0	0	0	0	0	0	1	1	0	0	0	4	0	1	3	6	2	3	4	3	1	0	2	4	0	0	0	0	0	0	1
G[T>G]T	T>G	0	0	0	0	1	0	0	0	0	0	1	0	1	3	1	0	1	0	0	0	1	0	1	0	0	0	0	0	1	0	0	0	2	0	0	0	1	0	0	1	0	1	0	0	0	0	0	0	0	0	0	0	2	0	0	0	0	0	0	0	0	3	0	1	0	1	0	0	0	0	0	0	3	5	1	0	0	0	1	0	0	1	0	1	1	1	0	0	0	0	0	0	0	1	0	0	1	1	2	2	0	0	0	0	0	2	0	3	1	0	0	0	1	0	0	2	0	0	0	0	0	0	1	1	0	1	0	0	4	2	4	0	0	1	1	0	2	0	0	0	0	1	0	0	0	1	0	0	1	0	1	1	0	0	1	0	0	0	1	1	0	0	1	0	0	1	0	0	0	0	0	2	0	1	0	1	0	1	0	0	1	2	0	0	0	0	0	0	0	0	0	0	0	2	0	0	0	0	1	0	1	0	1	1	1	1	0	0	0	0	0	0	1	2	1	0	0	4	0	3	0	0	0	0	0	0	0	1	0	1	0	1	2	1	0	3	0	1	1	0	1	0	1	1	0	1	0	0	3	0	1	3	1	0	0	0	0	1	2	0	0	0	0	0	0	2	0	0	0	0	0	1	1	0	0	1	0	1	0	0	0	0	0	0	0	1	1	0	1	1	0	2	0	0	0	0	2	0	1	0	1	0	0	1	0	1	1	2	2	1	2	1	0	0	1	0	1	0	1	0	0	0	0	0
T[C>A]A	C>A	18	12	17	19	24	14	12	15	6	27	36	35	215	234	219	31	22	17	11	14	12	14	13	15	8	17	15	8	18	18	11	10	24	16	18	34	29	22	16	15	14	15	14	9	17	14	11	16	17	11	20	13	9	10	20	21	17	23	12	16	11	13	15	11	7	14	31	63	17	19	15	15	1	1	1	12	15	15	15	19	17	15	27	22	21	19	17	17	15	13	19	13	10	13	9	17	11	30	11	21	76	122	109	13	9	9	33	25	19	12	17	14	8	19	17	100	52	84	14	18	15	18	9	13	14	22	13	9	15	18	26	22	16	19	24	20	20	14	15	17	17	19	17	15	13	15	16	13	17	13	5	12	13	15	19	18	13	5	30	41	23	7	9	16	18	10	9	16	17	15	14	10	26	24	18	32	29	29	11	100	70	80	11	12	22	31	9	33	11	14	16	15	6	8	11	16	16	12	22	21	28	20	16	19	15	11	18	23	11	2	6	67	99	72	17	14	12	23	15	16	20	14	18	15	17	7	11	14	8	15	16	11	21	13	15	27	20	11	23	22	7	10	18	11	11	13	15	16	28	22	14	16	18	16	19	7	15	5	29	13	15	11	7	23	10	11	15	15	18	20	16	15	17	5	20	21	12	12	14	28	16	21	17	11	17	22	14	15	15	49	33	28	17	19	12	11	12	15	17	23	23	35	12	8	35	15	29	15	28	28	24	70	41	38	32	17	49	13	18	12	12	11	16	11
T[C>A]C	C>A	3	2	2	5	5	3	4	3	2	5	10	14	225	227	195	7	8	6	6	2	4	7	5	9	3	3	2	1	9	2	3	6	17	11	14	15	13	6	3	3	7	3	9	2	6	3	6	4	4	6	7	2	5	5	4	5	5	11	4	5	7	7	10	2	3	9	10	41	12	4	1	4	0	0	0	6	6	5	7	2	11	6	3	6	8	10	8	2	8	6	7	3	4	5	3	5	3	7	6	3	75	91	101	2	4	7	26	17	19	7	4	6	2	4	3	323	129	252	5	7	4	3	5	10	5	9	5	4	4	5	8	8	5	21	32	28	8	10	9	8	3	4	5	11	8	9	7	4	3	6	2	3	8	5	2	5	6	8	7	17	13	3	2	6	3	6	1	8	6	1	3	3	15	11	7	7	16	4	4	72	38	71	5	5	9	39	10	31	9	6	5	6	1	7	1	7	26	8	13	12	9	12	10	6	3	3	1	3	8	0	1	69	82	87	4	13	3	18	11	8	4	5	8	7	6	2	4	4	4	9	2	8	9	6	6	6	4	6	4	6	3	6	3	1	8	4	2	10	12	10	7	5	9	0	6	11	12	6	10	5	6	2	7	5	10	6	5	11	14	13	6	9	6	7	1	11	7	10	8	4	28	21	46	4	4	5	3	7	6	43	26	14	8	2	2	6	4	5	4	35	55	40	4	3	41	46	28	25	30	17	19	80	59	44	13	8	19	6	8	3	4	2	5	3
T[C>A]G	C>A	0	2	1	1	0	1	1	0	0	2	3	1	67	72	89	4	3	1	0	0	3	1	0	2	0	1	2	1	1	0	1	1	3	1	0	2	5	3	1	2	3	1	2	2	2	1	3	0	2	3	3	5	1	0	2	0	1	0	0	2	2	1	1	0	1	3	4	4	1	2	0	2	1	1	0	0	2	3	3	1	4	0	3	1	1	2	1	5	4	3	3	2	0	1	1	2	2	3	1	0	27	27	36	3	7	7	5	5	1	1	4	1	1	4	2	47	11	33	1	1	2	0	1	0	1	2	2	0	4	2	6	1	4	2	3	8	0	1	6	1	1	1	1	0	1	2	5	0	2	2	4	0	0	2	0	0	1	0	4	1	2	1	1	2	3	2	0	2	0	1	1	1	3	5	5	2	2	2	1	37	24	22	1	0	1	2	2	2	3	1	1	0	0	0	0	1	3	2	6	3	4	1	3	0	0	0	1	1	2	0	0	25	23	17	1	1	1	4	3	1	0	2	1	4	1	2	3	2	0	0	1	3	1	0	1	0	0	2	2	1	3	1	3	0	2	1	2	2	3	1	2	1	4	2	1	1	3	5	2	2	4	3	1	3	0	2	0	6	1	4	1	2	0	2	1	4	2	3	2	1	2	2	2	2	1	2	3	1	2	8	9	5	1	0	0	0	1	1	2	4	3	3	2	0	3	7	11	5	2	4	2	12	8	5	5	4	7	3	3	1	3	3	0	0
T[C>A]T	C>A	31	26	27	25	25	17	26	25	21	60	99	93	276	306	300	31	24	36	17	24	27	31	27	29	23	22	28	19	32	33	20	24	35	37	32	37	47	32	19	23	36	28	41	15	21	25	27	28	31	30	34	34	34	33	37	34	15	38	20	35	25	31	32	29	34	27	36	71	31	37	33	36	1	2	1	39	35	47	31	28	18	28	35	46	36	26	25	26	32	35	25	28	27	24	41	23	25	32	22	23	131	148	146	22	34	33	48	44	57	26	47	36	19	31	37	206	125	147	31	36	44	21	22	19	28	39	26	32	28	35	31	36	43	41	59	46	28	23	47	42	28	30	32	32	15	28	37	26	22	34	18	18	31	23	28	33	15	30	74	76	58	26	19	30	26	37	22	27	17	20	23	26	31	28	37	21	42	45	43	115	78	91	27	37	29	60	43	33	29	37	27	24	12	25	31	30	35	29	43	27	39	39	29	22	27	29	24	24	38	4	3	135	158	119	25	34	20	72	36	31	36	24	30	19	21	15	23	31	28	44	23	13	39	27	24	29	31	28	29	29	27	23	41	26	28	25	24	25	35	27	25	43	39	24	43	33	12	28	44	36	24	27	24	29	24	33	27	20	36	31	30	28	27	21	41	36	21	32	41	28	44	28	51	30	29	32	42	31	29	87	50	47	25	19	27	33	19	22	19	62	66	70	38	27	62	56	46	36	33	41	32	111	81	77	39	43	45	22	34	25	24	33	28	30
T[C>G]A	C>G	1	1	0	3	1	1	0	1	2	1	1	3	29	26	29	3	2	3	3	1	1	2	2	1	2	0	1	0	2	0	1	3	2	3	6	4	7	1	0	2	4	0	0	0	0	1	0	2	0	1	1	0	1	1	2	0	1	1	2	0	4	1	0	1	1	3	2	8	2	1	0	1	3	3	4	3	2	0	1	1	0	2	1	0	0	1	2	1	2	1	5	1	1	0	0	1	0	0	3	2	16	8	12	1	0	2	9	8	7	1	1	1	1	0	2	17	8	10	2	0	4	1	0	0	0	2	0	0	2	2	1	1	3	6	2	2	3	0	1	1	0	2	1	5	0	3	3	1	3	2	2	0	1	4	1	0	0	1	1	3	1	0	1	2	2	1	1	0	0	2	1	1	2	3	1	5	4	4	0	11	12	16	1	3	3	3	1	3	1	0	1	0	0	3	1	0	2	1	4	4	5	5	6	6	0	2	1	1	5	0	1	19	17	19	3	4	1	0	5	0	2	0	1	2	1	0	1	0	1	1	0	1	0	0	1	2	4	1	1	0	0	1	1	1	0	1	1	0	3	4	2	2	1	1	5	0	2	4	1	0	0	1	2	2	2	1	1	2	2	0	1	1	1	0	1	0	0	0	1	1	4	2	1	3	1	0	1	2	0	8	4	6	1	1	1	1	0	0	1	0	2	1	1	1	3	10	2	2	11	8	2	23	21	19	2	0	6	1	0	3	0	0	1	2
T[C>G]C	C>G	0	1	5	3	1	0	0	0	1	1	0	1	20	14	21	1	0	3	3	0	0	1	0	0	0	1	1	1	1	1	0	1	1	5	5	1	1	2	0	0	4	1	0	0	0	0	1	0	1	0	0	0	0	1	3	1	1	2	1	1	0	0	1	1	0	0	0	4	3	4	1	1	0	4	0	1	1	0	1	0	1	0	1	1	0	1	0	2	2	3	0	0	1	0	0	0	1	1	1	1	9	6	6	1	0	0	8	4	4	0	0	1	1	1	1	29	15	26	0	1	0	0	0	0	1	0	1	1	2	1	2	0	1	2	3	3	2	0	4	1	1	3	0	3	3	1	0	0	2	2	2	0	1	0	1	0	1	0	1	0	2	0	2	1	2	0	1	1	0	2	0	0	0	3	0	2	4	3	1	10	7	6	1	0	0	3	3	4	0	0	2	0	0	2	0	3	19	0	1	1	2	2	2	4	0	0	0	2	2	0	1	14	13	10	1	1	3	4	3	1	1	2	2	1	1	1	0	0	1	0	2	1	0	1	0	3	0	2	0	0	0	1	0	1	1	0	0	1	1	4	0	0	1	1	0	2	0	0	1	0	0	0	1	0	2	0	1	0	3	2	0	1	0	0	0	1	2	1	0	0	0	1	8	2	0	3	0	2	1	6	3	4	4	0	0	0	1	1	2	2	4	1	0	0	6	5	4	8	2	4	3	9	12	15	4	3	10	0	2	0	0	0	1	0
T[C>G]G	C>G	0	1	0	0	0	1	0	0	0	0	0	0	17	17	19	1	0	0	0	0	0	0	1	0	0	1	0	0	0	1	1	2	0	0	0	0	1	2	0	3	0	1	1	0	0	0	1	1	0	0	0	0	1	1	0	0	0	0	1	2	0	0	0	1	0	0	2	2	2	1	1	0	2	2	3	1	0	0	1	0	1	0	1	0	0	0	1	1	1	0	0	0	0	0	1	0	0	0	0	0	2	8	5	0	0	0	0	0	0	0	0	0	1	0	0	4	6	8	0	1	0	0	0	1	0	0	1	0	0	0	0	0	0	4	2	0	0	0	0	0	0	0	1	0	2	1	1	1	0	0	0	0	0	0	0	0	0	0	0	0	0	0	1	2	0	1	1	0	0	0	0	0	0	3	1	0	1	0	0	5	3	4	0	0	1	3	1	2	0	0	0	0	0	0	1	0	3	0	0	3	0	0	0	0	0	0	0	0	1	1	0	2	9	9	1	0	1	1	0	1	1	0	0	2	0	0	0	1	0	0	0	0	0	0	0	0	0	0	0	1	0	0	0	0	0	0	0	0	1	0	0	0	0	0	0	2	0	1	0	0	0	0	1	1	0	1	0	4	3	0	0	2	0	0	0	1	0	0	1	0	0	0	1	0	1	0	0	0	0	0	2	1	0	0	1	0	0	0	0	1	3	0	0	0	1	2	3	1	0	0	1	4	7	4	0	1	0	2	0	1	0	0	0	0
T[C>G]T	C>G	1	0	1	1	1	0	1	0	0	3	4	3	23	14	20	3	4	1	1	3	0	0	2	0	0	1	0	2	2	2	0	2	4	1	7	2	7	4	1	2	1	1	1	0	1	0	2	2	1	2	3	1	3	2	2	0	1	1	2	3	1	4	7	1	5	1	5	10	3	0	0	2	2	1	2	0	0	2	1	0	0	0	2	4	2	2	1	1	4	2	1	3	1	1	2	0	0	3	2	2	10	7	14	1	2	2	3	6	5	0	2	0	1	0	2	33	16	14	3	0	1	2	2	2	1	1	3	2	0	2	2	1	6	5	2	2	2	2	2	1	0	1	0	0	4	7	4	0	1	0	1	2	0	3	1	0	0	0	1	2	3	0	2	0	2	1	0	0	0	1	1	1	4	5	2	5	2	3	0	10	7	6	0	2	4	3	3	2	1	1	3	0	1	1	2	1	7	2	5	1	3	5	3	4	2	0	1	1	5	0	0	14	17	17	0	1	4	4	6	1	1	5	1	3	2	0	0	1	0	1	0	1	0	0	0	2	1	4	5	2	0	0	1	0	2	0	1	0	3	5	2	1	4	1	2	2	5	1	1	1	0	0	3	8	4	4	4	4	2	1	1	1	0	2	2	1	3	3	1	1	5	6	4	1	3	2	2	2	0	14	3	5	3	2	3	2	0	3	1	8	4	6	0	2	3	8	4	2	9	9	1	16	16	5	6	1	5	3	0	3	1	1	1	1
T[C>T]A	C>T	7	6	4	6	3	2	5	3	7	6	2	3	25	37	27	9	5	4	5	4	3	8	8	4	5	2	5	4	4	1	1	2	12	13	16	8	12	3	5	2	12	3	6	4	3	0	5	7	7	6	4	5	0	7	5	2	3	5	6	5	7	0	2	9	6	4	7	7	5	2	3	4	1	0	1	3	3	2	9	9	3	3	6	8	2	6	2	6	1	10	10	4	6	1	6	4	3	3	7	6	7	13	15	4	1	4	13	10	10	6	3	8	1	3	3	19	8	16	6	4	7	8	5	9	6	4	7	4	31	22	43	4	7	9	6	6	8	1	6	6	4	4	2	7	8	5	7	4	3	6	9	4	3	1	3	1	4	7	1	3	4	3	11	4	5	5	1	4	3	3	4	6	6	15	7	4	8	4	1	9	16	4	0	7	1	2	7	5	2	4	3	3	2	7	5	3	2	4	7	3	8	9	9	8	3	2	4	6	13	0	1	19	13	15	2	3	8	208	179	97	3	1	10	6	5	1	12	3	3	6	12	4	8	5	5	26	29	24	8	11	4	3	6	9	8	11	9	17	23	16	12	10	4	5	6	6	3	5	7	3	4	4	8	5	6	7	5	8	5	3	4	10	6	4	6	5	2	1	4	8	2	5	7	5	9	4	1	1	3	28	18	16	5	9	1	5	4	3	7	4	11	7	2	4	5	4	8	12	14	16	9	32	37	33	8	5	10	3	2	3	9	5	8	6
T[C>T]C	C>T	6	8	2	5	4	6	8	3	4	5	2	3	27	28	31	3	3	0	7	3	6	3	3	4	6	4	2	2	2	4	7	3	30	53	100	5	4	1	2	0	5	0	0	2	9	2	8	5	4	2	6	4	3	1	1	3	2	11	5	4	4	5	2	4	3	4	4	8	0	6	2	5	0	0	0	3	2	4	7	4	1	4	2	5	4	1	2	8	2	4	4	8	3	4	0	2	1	3	3	4	12	10	13	6	1	3	7	2	3	4	8	1	2	5	0	26	10	31	4	0	3	0	4	8	8	6	4	3	11	18	13	7	6	8	10	1	5	9	7	6	4	5	3	7	6	13	5	4	3	4	5	3	5	1	1	0	4	3	3	3	3	4	5	4	4	2	3	3	4	3	5	4	8	21	4	3	5	5	2	7	9	6	4	4	5	6	3	3	2	1	1	3	0	2	3	5	5	3	7	10	5	8	5	5	2	3	3	3	9	2	1	10	11	17	3	5	0	474	375	273	7	1	10	4	4	1	2	8	1	2	4	3	4	5	6	13	16	12	8	6	7	3	7	4	11	11	4	8	20	7	6	7	3	1	1	8	1	1	1	6	5	3	9	3	8	1	5	2	2	3	3	8	2	2	4	3	2	5	4	4	18	11	13	3	2	1	1	2	1	19	21	12	5	2	2	4	3	6	1	17	11	6	7	5	12	5	6	21	18	21	14	26	18	14	4	5	12	3	2	2	3	3	3	4
T[C>T]G	C>T	0	4	0	1	2	1	3	1	3	1	0	3	10	9	9	2	7	2	3	3	2	6	1	0	2	2	2	1	4	4	2	3	3	3	4	0	2	2	1	0	2	1	2	5	2	1	2	0	0	3	3	7	3	3	1	4	0	2	3	1	3	3	1	1	1	2	3	2	6	1	0	1	0	0	0	4	1	2	0	1	0	1	7	4	5	4	3	1	1	2	0	3	3	1	4	1	1	3	4	1	3	6	3	4	2	3	5	5	3	0	1	2	3	2	4	4	4	5	2	1	4	1	2	1	1	1	3	1	7	5	8	3	2	3	6	8	6	2	7	2	2	3	4	0	5	5	2	1	1	0	5	0	1	2	1	1	0	1	2	1	0	1	0	1	5	1	4	0	3	3	2	1	4	2	0	2	7	5	2	4	3	4	4	3	1	1	4	1	2	3	1	1	2	2	2	3	2	2	2	5	3	3	3	2	1	2	2	3	4	0	1	0	4	4	4	1	2	58	51	33	1	1	1	2	3	2	1	3	1	1	2	1	3	2	0	2	1	2	6	3	3	1	2	2	3	4	4	2	5	5	1	2	0	1	4	5	4	0	3	4	3	1	1	5	2	2	5	3	3	7	5	2	2	1	2	1	2	2	0	1	3	0	0	5	2	4	1	2	2	3	4	7	2	1	2	3	2	4	1	2	1	3	4	2	2	5	3	4	8	3	4	6	4	6	2	1	2	0	0	5	2	2	3	2
T[C>T]T	C>T	2	2	1	3	3	6	2	0	1	4	3	2	45	46	31	1	2	2	7	3	5	7	4	1	4	1	4	0	4	4	10	3	37	46	84	10	13	9	4	2	2	3	1	5	3	1	3	4	1	1	3	1	4	4	4	4	1	5	2	0	5	3	2	5	2	2	6	20	2	1	4	5	2	0	2	1	3	5	7	7	2	4	5	4	8	0	0	3	1	5	3	4	5	2	2	3	3	9	0	5	23	18	11	5	0	7	5	6	10	4	3	2	3	2	4	23	18	25	2	0	2	2	3	10	3	4	4	4	14	16	16	9	5	6	5	6	8	5	8	7	3	4	1	5	1	2	2	0	2	4	5	4	3	5	2	5	4	2	2	4	1	3	5	1	2	3	2	4	2	1	5	0	9	12	5	5	14	13	1	15	4	24	5	1	2	14	6	5	2	5	3	4	2	5	7	5	3	4	9	11	10	8	7	4	2	2	5	5	22	0	1	21	18	16	1	4	4	310	216	120	4	5	5	3	1	3	2	5	4	6	2	3	7	4	7	35	30	35	8	14	8	13	10	6	10	14	4	8	25	10	10	11	5	3	0	5	11	6	3	6	5	3	6	6	11	1	4	5	4	2	6	14	4	3	4	1	1	0	5	4	17	10	26	1	5	4	3	1	1	33	22	20	7	5	1	2	7	0	4	10	13	10	2	4	3	5	4	15	17	5	12	36	29	21	6	5	11	1	3	7	1	2	4	3
T[T>A]A	T>A	3	0	3	1	0	2	1	3	1	1	0	3	11	19	17	3	0	1	1	2	0	3	4	4	1	1	1	1	2	0	2	2	16	3	2	0	2	1	1	5	0	2	0	0	1	0	2	0	1	1	2	1	1	1	2	1	2	5	3	5	0	0	3	0	2	2	2	2	4	3	2	3	0	0	0	2	2	2	2	2	1	5	1	0	2	1	1	4	10	6	4	0	3	2	1	0	2	21	5	9	1	5	3	0	0	1	3	6	4	2	1	1	2	1	2	16	12	9	2	2	3	2	3	2	2	3	1	2	12	11	10	1	3	2	5	9	10	2	3	0	1	3	4	39	29	71	3	1	2	3	4	0	1	3	0	2	3	1	1	0	5	2	2	0	1	2	1	1	2	2	0	1	40	75	31	6	4	7	0	6	6	8	1	1	3	2	1	0	2	1	1	1	1	3	0	3	1	0	6	3	4	0	1	1	4	0	2	4	6	0	1	8	6	3	1	0	0	5	8	6	4	2	9	3	1	3	1	2	2	2	1	3	0	0	3	37	9	8	4	1	6	2	4	1	3	6	6	2	13	5	4	1	5	1	2	4	2	2	2	2	3	1	2	0	2	0	0	4	2	2	2	0	1	1	2	1	0	2	3	0	4	4	7	10	2	2	0	1	1	24	19	17	1	1	2	1	0	0	3	1	1	2	0	1	4	4	8	60	86	97	60	8	7	1	12	9	32	0	1	0	0	0	0	3
T[T>A]C	T>A	1	0	1	0	2	0	1	0	1	3	3	2	7	6	3	1	0	0	0	2	0	1	1	0	0	0	0	1	0	1	0	3	14	3	8	2	4	1	0	0	1	0	0	2	0	0	0	0	0	1	0	0	0	1	0	2	1	1	1	3	0	0	1	1	2	0	2	1	0	1	0	1	0	1	0	1	1	1	0	0	1	0	0	1	2	0	0	1	0	5	1	0	1	0	1	1	1	3	3	2	3	4	4	1	0	0	0	5	1	1	1	2	0	1	0	1	1	2	0	0	2	0	0	0	0	2	0	1	5	6	10	1	0	1	1	3	7	1	7	0	0	0	0	29	23	36	2	0	0	0	2	2	1	0	0	0	0	0	2	1	1	0	0	1	1	1	0	1	0	3	0	0	12	40	13	1	4	4	0	6	1	3	0	0	0	1	1	0	2	0	0	0	0	1	0	1	2	0	2	2	0	4	2	0	0	0	0	0	10	0	2	1	1	3	0	0	0	6	8	3	0	0	2	1	0	2	0	0	0	0	1	0	1	2	1	13	4	6	2	0	2	0	0	1	3	1	1	2	11	8	8	1	4	1	1	3	2	1	0	1	0	0	1	0	1	0	0	1	4	1	0	6	0	1	0	0	0	0	0	0	1	2	12	2	5	1	0	0	0	5	6	0	2	1	1	0	0	0	0	1	1	0	0	0	1	2	2	34	33	47	36	3	1	2	4	2	13	2	1	0	0	1	2	1
T[T>A]G	T>A	0	0	3	0	0	3	1	0	0	0	4	2	15	32	21	1	1	0	0	1	0	3	1	0	0	1	0	0	0	0	4	2	21	7	6	0	1	0	0	1	2	2	0	1	0	2	0	0	0	0	0	0	0	2	0	1	0	2	2	3	0	2	2	0	1	1	2	2	2	0	1	0	0	0	0	1	1	0	4	1	0	0	2	0	1	0	0	1	17	6	7	0	0	1	0	0	3	17	8	7	8	8	11	1	0	1	4	2	0	2	0	2	1	0	1	4	4	3	0	1	0	2	1	4	0	4	0	1	13	21	13	1	0	3	1	2	6	4	8	0	0	0	1	53	24	88	2	1	3	3	7	1	0	0	0	0	0	1	0	0	1	1	0	0	0	0	0	0	1	0	1	1	42	59	24	1	5	3	0	12	7	12	0	0	1	0	1	0	0	0	1	2	0	3	0	1	0	0	3	3	4	0	0	4	0	0	0	2	7	0	0	6	5	7	0	1	1	0	5	1	0	1	4	1	2	2	0	0	0	2	0	1	1	0	0	12	8	4	0	2	1	0	0	2	4	0	1	2	9	2	3	1	5	0	0	0	0	1	1	0	0	0	0	1	0	1	1	2	1	2	1	4	0	0	2	0	1	0	0	1	0	2	2	5	6	1	1	0	1	13	7	9	4	1	1	0	0	0	0	0	2	1	0	2	1	2	1	76	67	82	66	8	5	3	14	4	26	0	1	0	0	0	1	0
T[T>A]T	T>A	0	0	2	3	3	3	2	0	3	2	5	7	5	16	12	1	4	3	2	1	1	2	3	1	2	0	0	2	1	2	2	2	38	4	10	1	7	2	1	2	2	0	2	1	0	3	1	3	0	1	2	1	1	1	2	4	0	1	1	1	0	3	3	1	0	1	1	8	1	1	2	0	1	1	0	0	1	2	9	2	1	2	0	1	4	1	2	0	4	2	5	4	0	7	1	2	0	9	6	2	7	7	3	1	0	1	3	2	5	2	1	1	1	1	0	7	2	5	0	1	1	3	1	7	3	8	1	1	10	12	12	2	3	2	0	3	15	5	7	1	3	3	0	12	16	34	4	3	3	4	2	0	1	1	1	2	0	2	3	1	3	2	0	1	0	1	1	2	0	1	2	1	30	72	21	3	3	13	1	7	5	3	0	0	1	2	2	1	1	2	1	1	1	8	2	0	4	0	2	4	7	4	4	2	3	0	5	1	9	0	2	7	5	0	0	1	1	33	31	8	0	1	5	7	0	2	0	2	0	0	0	1	0	1	1	21	14	15	2	3	2	2	3	3	7	6	4	2	21	8	5	5	5	1	2	2	3	1	1	2	3	4	3	2	3	3	0	5	2	1	0	7	1	1	1	0	2	2	1	1	5	3	0	3	8	0	1	1	2	14	2	8	2	3	2	2	1	0	0	2	1	4	1	3	2	1	2	58	60	101	63	10	5	3	5	9	13	8	3	4	0	0	0	1
T[T>C]A	T>C	3	3	2	4	4	5	4	2	3	6	3	1	9	6	3	5	3	8	4	1	3	4	6	1	1	2	3	1	6	5	9	14	28	15	22	6	4	4	5	6	5	4	0	3	4	4	1	3	4	1	3	6	3	2	4	0	1	7	9	3	2	6	1	5	0	0	3	7	6	4	1	1	1	0	0	2	4	2	7	3	4	3	2	2	4	0	1	3	8	4	2	5	4	3	1	2	2	4	5	1	3	3	5	5	1	4	10	7	5	2	8	4	3	2	2	1	1	3	6	7	2	5	1	10	13	9	1	3	23	23	23	5	4	2	4	2	34	11	17	6	3	8	4	6	6	12	2	1	8	8	4	0	4	2	3	3	2	3	1	2	5	0	3	5	4	3	1	2	2	0	3	1	55	62	36	6	5	4	3	3	5	6	2	3	5	2	2	2	0	3	3	2	3	2	4	2	3	3	11	10	19	5	4	4	6	2	5	0	13	1	2	6	6	4	3	2	1	15	10	7	4	0	7	9	4	5	0	3	1	1	0	4	5	6	4	16	9	11	7	2	3	3	5	0	4	2	9	9	5	4	4	6	5	4	1	7	7	1	5	1	4	2	2	5	2	1	4	3	5	8	10	13	0	2	1	3	4	1	2	2	5	6	3	6	2	6	2	0	4	31	25	22	5	2	4	4	2	4	2	3	7	6	3	6	4	3	7	85	110	102	124	12	9	8	3	4	8	4	3	1	3	4	8	3
T[T>C]C	T>C	0	0	2	0	1	3	3	0	1	1	0	1	4	3	3	4	2	0	3	1	0	0	0	0	0	0	2	1	1	9	19	14	27	22	25	0	0	1	1	5	2	0	1	0	0	2	0	0	1	0	0	0	0	1	0	0	0	2	2	1	1	1	1	1	1	2	2	2	0	1	0	0	1	0	0	0	1	0	0	1	0	0	0	1	1	0	0	2	2	0	0	2	1	3	0	0	0	1	0	1	2	1	0	0	0	0	1	1	0	2	1	1	0	2	1	3	4	1	0	1	1	1	0	8	7	16	0	0	48	50	64	1	4	2	2	1	3	0	2	1	1	0	1	2	0	2	1	0	1	0	0	0	0	0	0	0	1	0	0	2	1	0	0	0	0	1	0	0	0	0	1	1	1	3	4	1	2	2	0	0	0	1	2	1	0	1	0	0	2	2	0	0	0	2	1	2	0	2	1	0	3	1	0	2	0	1	4	2	8	0	0	0	3	0	0	2	1	4	5	1	0	0	2	0	2	0	0	1	0	1	1	2	1	0	0	5	2	1	2	1	1	0	3	3	1	1	0	2	6	5	1	1	2	0	1	0	0	2	0	1	0	2	0	1	1	1	0	3	0	0	17	13	0	2	0	0	2	2	0	0	1	3	4	1	1	1	1	0	1	4	3	5	1	2	1	2	0	0	0	1	2	1	0	0	0	0	1	5	4	5	4	2	1	2	0	0	3	2	0	2	1	1	0	0
T[T>C]G	T>C	1	3	0	0	1	0	1	0	0	1	1	0	2	2	3	2	6	1	1	2	0	3	4	0	0	2	0	1	2	3	3	4	13	5	14	2	4	3	2	1	1	0	2	1	1	0	2	3	0	2	2	2	2	4	3	2	2	0	2	1	1	2	0	3	1	0	3	2	2	2	2	2	0	0	0	1	1	0	0	1	0	2	2	1	3	1	0	2	0	0	2	2	0	0	0	0	1	3	0	0	1	3	2	0	1	1	1	4	1	0	0	3	0	0	1	3	4	2	1	0	2	2	1	2	0	3	1	2	8	12	7	2	4	1	2	0	9	10	8	1	0	0	0	1	3	2	1	1	0	4	4	1	0	0	2	2	0	3	3	3	0	2	3	1	1	0	0	0	0	2	0	0	16	27	19	1	3	1	1	3	2	0	1	1	2	2	0	0	2	0	1	1	2	3	2	0	0	1	3	2	1	1	3	2	0	3	1	1	4	0	0	4	1	1	3	2	0	8	12	1	0	0	2	3	3	2	0	2	0	0	0	0	1	1	1	5	0	4	0	2	1	3	3	2	2	0	1	1	2	6	1	2	5	2	1	1	2	0	0	4	2	3	1	2	1	2	2	1	3	2	3	2	3	2	2	1	0	3	3	0	1	1	2	2	3	1	0	4	0	13	4	8	3	2	3	1	1	1	2	0	0	2	1	4	2	1	2	33	45	36	36	8	6	3	3	4	2	0	2	0	3	0	2	0
T[T>C]T	T>C	2	2	2	2	2	2	2	1	1	3	4	3	2	2	6	3	2	2	4	0	1	3	3	1	0	2	4	1	0	8	7	10	25	12	15	6	2	5	4	2	2	1	5	3	0	0	2	2	2	3	3	1	2	2	3	1	3	4	2	0	4	6	3	1	1	1	5	7	4	5	2	1	1	0	0	3	2	2	5	6	1	1	2	2	4	2	6	4	2	1	0	0	2	2	1	1	1	3	4	3	4	2	3	2	2	1	3	2	4	3	3	5	0	2	3	1	6	2	1	2	7	2	2	5	7	7	6	1	25	24	19	5	0	1	1	4	6	4	3	2	1	0	9	3	2	4	2	2	0	8	2	2	0	1	1	3	2	2	2	4	2	0	2	2	2	2	1	1	2	3	0	1	14	22	10	5	4	5	4	2	0	5	0	3	3	3	5	0	1	0	1	3	2	8	3	4	0	3	7	4	7	2	2	1	3	0	1	4	10	0	0	5	6	1	1	3	1	18	26	7	1	2	3	3	0	1	3	2	0	0	4	1	3	1	2	12	7	13	4	1	4	2	2	3	6	2	5	12	10	3	5	4	5	2	3	2	2	2	0	3	2	3	4	3	1	6	3	2	2	3	10	11	2	1	2	1	1	1	4	2	4	2	4	2	4	3	0	4	0	16	10	13	0	2	2	1	2	1	2	1	1	0	2	0	2	4	6	33	34	39	20	1	3	4	0	2	2	3	0	3	1	3	9	1
T[T>G]A	T>G	0	0	0	3	0	0	0	0	0	0	1	1	2	4	1	0	0	0	1	0	2	0	2	0	0	1	0	0	0	2	0	4	11	3	9	0	1	0	1	2	1	1	0	0	0	2	1	0	1	0	0	2	0	0	0	0	0	0	2	2	0	0	1	0	0	3	1	0	0	1	1	0	0	0	0	0	1	0	1	1	1	0	0	0	1	0	1	0	0	0	0	0	2	1	0	0	0	4	1	0	0	0	1	2	0	0	2	1	0	0	0	1	1	0	4	1	0	1	0	0	1	1	0	2	1	2	1	0	1	0	3	1	0	1	1	0	4	0	0	0	0	0	1	0	2	7	0	0	1	4	4	0	1	0	1	1	0	1	1	1	1	1	2	2	0	0	1	1	0	0	0	0	2	7	1	1	0	1	0	0	0	1	0	0	0	0	0	0	0	0	3	0	2	4	1	0	2	1	3	1	3	1	1	1	0	0	1	0	1	0	0	2	2	0	1	3	1	2	0	0	0	0	0	1	0	0	0	0	1	1	0	1	0	0	1	7	3	2	1	0	1	0	0	1	0	2	2	0	9	2	5	6	5	0	0	0	1	0	0	0	0	0	0	0	0	3	0	2	0	1	3	3	0	0	1	2	0	0	1	1	0	1	3	1	0	1	1	1	0	3	2	0	0	0	0	0	0	0	0	1	3	0	0	1	0	1	0	6	1	1	10	1	4	5	0	0	1	0	1	1	1	0	1	0
T[T>G]C	T>G	0	0	1	1	1	0	0	0	0	0	0	4	1	0	0	0	0	0	0	0	0	1	0	0	0	1	0	0	0	1	1	0	2	3	5	1	1	1	0	0	1	1	0	0	1	0	0	0	1	1	0	1	0	0	0	1	1	0	3	0	0	0	1	0	0	1	0	2	0	0	0	1	0	0	0	0	1	0	1	1	1	0	1	0	0	0	0	1	1	0	0	1	0	1	1	1	0	0	0	3	1	0	3	0	1	1	1	0	1	0	0	2	0	1	0	0	0	1	0	1	0	0	0	1	0	1	1	0	1	4	3	3	0	0	0	0	1	1	0	0	0	0	0	0	1	4	0	0	1	2	1	0	0	1	0	0	0	0	1	3	1	0	0	0	1	1	0	0	0	0	1	0	0	2	2	1	0	0	0	0	0	0	0	0	0	0	1	0	0	0	1	0	1	2	1	0	0	0	1	2	0	0	1	1	0	2	0	2	1	0	1	0	2	0	0	0	2	1	0	0	0	2	0	4	2	0	0	1	0	0	0	0	0	1	0	2	2	4	0	0	0	0	0	0	0	1	0	1	4	5	4	0	2	0	1	0	0	1	1	0	0	0	0	1	0	1	0	0	3	0	0	1	0	1	0	0	0	0	0	1	1	1	1	0	1	2	1	0	0	0	0	0	2	0	0	1	1	1	0	0	1	0	2	0	0	1	0	0	1	3	3	1	1	2	0	2	3	0	1	0	0	0	0	0
T[T>G]G	T>G	1	3	0	0	1	1	0	1	0	0	3	0	5	11	10	0	3	0	1	2	0	2	0	0	0	0	1	0	1	1	0	5	22	4	13	4	2	1	0	1	1	0	0	0	1	1	0	1	0	0	3	0	0	1	0	1	0	1	3	3	0	1	2	2	0	2	0	1	1	0	0	0	0	2	3	0	0	1	1	0	0	0	1	1	0	0	0	0	4	2	0	0	0	2	0	0	0	3	1	2	2	2	1	0	0	2	0	2	2	0	0	2	0	1	0	8	4	4	1	1	1	2	1	5	0	4	0	1	2	5	6	0	0	3	1	2	3	2	1	1	0	0	2	2	4	7	1	0	5	0	1	0	1	0	0	0	1	0	0	2	2	0	0	0	0	0	0	2	0	0	1	0	3	4	6	1	3	0	0	4	2	1	0	1	0	1	0	0	0	2	0	0	1	5	0	0	0	0	1	0	5	1	0	2	0	1	0	1	4	0	0	11	8	7	0	0	0	2	0	0	0	0	3	2	1	0	0	0	0	0	0	2	0	1	0	11	5	3	1	0	2	0	2	0	1	2	1	0	6	3	8	7	7	1	0	0	1	1	2	0	0	0	1	0	2	0	1	1	2	2	1	6	0	0	0	1	1	0	1	1	1	1	5	3	4	0	0	0	0	6	7	2	0	1	1	1	2	1	0	1	0	0	2	1	3	1	2	5	8	5	4	5	3	3	8	3	8	2	2	0	1	0	1	0
T[T>G]T	T>G	1	0	4	2	0	1	4	1	1	2	1	4	3	1	4	2	1	1	2	1	2	0	2	0	1	2	3	0	2	0	0	7	24	3	16	1	3	1	1	1	6	3	2	1	1	0	1	1	1	0	1	0	3	2	2	1	1	6	1	2	2	1	2	2	0	0	0	2	2	1	2	1	2	1	0	1	3	2	1	1	1	0	3	3	3	0	1	0	0	0	0	1	2	3	0	2	2	0	3	1	2	0	3	0	1	1	1	1	2	1	4	1	0	2	0	2	1	1	2	1	2	3	2	5	0	3	1	0	3	2	2	2	2	4	3	2	2	2	3	1	1	1	2	0	3	1	4	3	0	0	4	0	2	0	2	5	2	2	0	2	2	0	3	2	1	1	0	1	2	4	1	1	2	7	3	4	2	3	3	0	0	0	0	1	0	2	0	0	3	1	0	1	4	8	0	0	2	0	2	1	6	1	1	2	0	4	0	1	5	0	1	1	0	0	5	2	1	16	4	2	2	2	3	1	0	1	3	1	0	0	2	2	0	0	0	8	6	4	2	3	0	0	1	0	3	6	3	5	11	7	7	7	3	1	2	2	1	0	3	2	0	3	2	1	0	4	1	2	1	0	4	4	2	1	3	0	2	1	1	2	2	1	4	1	6	3	1	1	3	6	2	1	2	2	1	0	3	1	2	2	1	1	0	0	5	5	0	5	6	5	4	4	3	5	0	1	2	4	1	1	2	2	1	3
