Mutation type,Trinucleotide,hdp.1,hdp.2,potential hdp.1
C>A,ACA,0.00404263792733822,0.0530312454067937,0.0216407314191719
C>A,ACC,0.00168777002359134,0.0317304493799655,0.0140385613242983
C>A,ACG,0.00020988740813641,0.00795152668507817,0.0010568198300239
C>A,ACT,0.000761191666841382,0.0370966294568606,0.0148339267913587
C>A,CCA,0.00388248121874713,0.0339815266077189,0.0220200177031814
C>A,CCC,0.00279689307913361,0.0374084646506842,0.0116716303560583
C>A,CCG,0.000502858115974469,0.00732182227482652,0.00143078238266082
C>A,CCT,0.00237298933024171,0.0116236162361624,0.0148874007153675
C>A,GCA,0.00126611424912539,0.0134500684629488,0.0115125099405895
C>A,GCC,0.00122542132431293,0.0208348611788005,0.00659657639116791
C>A,GCG,0.000503179255178175,0.00152134728894459,0.000789331904838184
C>A,GCT,0.00127652833473128,0.0172286043615153,0.00843196235814326
C>A,TCA,0.00117986543441578,0.0625336706197251,0.0158861327208597
C>A,TCC,0.00190192399543413,0.0291333441636303,0.0113001522113952
C>A,TCG,0.000253975233102332,0.00678332443701796,0.00191713481982955
C>A,TCT,0.00241262708338485,0.0301424184053161,0.0116635856064286
C>G,ACA,0.000966216109893101,0.0426527265272653,0.00929712785875502
C>G,ACC,0.000283841179046988,0.0161328103847076,0.00482389214924714
C>G,ACG,0.000828401514474134,0.00416633788979399,0.00103043778344433
C>G,ACT,0.000189793269390236,0.0277411094865666,0.0127036061063435
C>G,CCA,0.000881481237143823,0.0143497567051142,0.00863355431945086
C>G,CCC,0.00106558575492555,0.0114339313204453,0.00284275424780526
C>G,CCG,7.76698102677471e-05,0.00147740722690246,0.00092408146113475
C>G,CCT,0.00164602192710957,0.00834497590258921,0.00670257779805265
C>G,GCA,0.000695128744936151,0.0309577076902845,0.00339310976658632
C>G,GCC,0.00179883831104451,0.0103792151129058,0.00288794681190121
C>G,GCG,1.82590575821402e-05,0.0020674263346407,0.000421047998998665
C>G,GCT,0.00102925114787768,0.0229387237268599,0.0074088594934789
C>G,TCA,0.00217741555518477,0.0282417786442015,0.0091818986508245
C>G,TCC,0.00243937339135065,0.01790170731896,0.0132933572372815
C>G,TCG,0.00021520914351211,0.00118684583072246,0.00246820016946029
C>G,TCT,0.00120142763809318,0.0239105108032212,0.0181056554826507
C>T,ACA,0.00288392180333793,0.0183164303341147,0.0373124952234299
C>T,ACC,0.001084441213886,0.0143594266131341,0.0169126664346308
C>T,ACG,0.00441841667270332,0.0172730859384066,0.050188708531386
C>T,ACT,0.00124299222645856,0.0160836098927027,0.0135096190361491
C>T,CCA,0.00300990012524888,0.0159675709964647,0.0212510342827005
C>T,CCC,0.00452948496015649,0.0105569093426783,0.0192064848253544
C>T,CCG,0.00124166179261463,0.0136416100010057,0.0320525303221993
C>T,CCT,0.00453976141467508,0.0210841127279197,0.0304997753385361
C>T,GCA,0.00111811495324603,0.00712045611022148,0.0140718050690914
C>T,GCC,0.000904465628723351,0.0105839077258697,0.0106536146124832
C>T,GCG,0.00220329019959765,0.0117264266982292,0.0245804958830994
C>T,GCT,0.00114187925432027,0.00680823412007705,0.0254623424086785
C>T,TCA,0.000524603827768274,0.0273419356835078,0.0203921389545943
C>T,TCC,0.00223586289025926,0.0225668577440491,0.021426717417995
C>T,TCG,0.000325681029586968,0.0139056371695792,0.0277336828224957
C>T,TCT,0.00198097011657491,0.0179100621194891,0.0188305110853101
T>A,ATA,0.0500491320043156,0.00305483998236209,0.00595264150537141
T>A,ATC,0.0115200431464283,0.00259254101974982,0.00645922412175587
T>A,ATG,0.0601332241398871,0.000992209922099221,0.00365184311129272
T>A,ATT,0.0153361861810956,0.00259942599425994,0.00675486867064535
T>A,CTA,0.0963759853755042,0.00368005755529253,0.00539838191691714
T>A,CTC,0.036152199980172,0.00167181105773322,0.00435374751647931
T>A,CTG,0.149954528982607,0.00358498301964152,0.0201111642432647
T>A,CTT,0.0566452853714074,0.00357724709322565,0.00937627399849374
T>A,GTA,0.0428952515944447,0.00121918200314079,0.00461295408175217
T>A,GTC,0.00846674335165004,0.00180278029195386,0.00359623969473488
T>A,GTG,0.0254207370869582,0.000522793907184355,0.00626768809748533
T>A,GTT,0.00802774606018397,0.00110585068114832,0.0030637482523373
T>A,TTA,0.0867696107439598,0.00306180231613637,0.00661396724698493
T>A,TTC,0.0237552174224808,0.000534707233864792,0.00471079243386565
T>A,TTG,0.0700149068230657,0.00352038803406902,0.0090581514726979
T>A,TTT,0.0299876118258319,0.00338771689603689,0.0103520548065131
T>C,ATA,0.0389766651537952,0.0047083168944897,0.0175471369090984
T>C,ATC,0.00194564480416725,0.00104156513263246,0.00990663594834229
T>C,ATG,0.0151922699408062,0.00276451066397456,0.0138249022385462
T>C,ATT,0.00635094064654772,0.00422149504513913,0.0190253596535458
T>C,CTA,0.00869750480802734,0.00395452822452753,0.00385296185203387
T>C,CTC,0.0013581435695017,0.00133119821764255,0.013210188722728
T>C,CTG,0.00458238117470977,0.00243619794688513,0.00774283490825081
T>C,CTT,0.00350450037598519,0.00198016508466971,0.0133426904813339
T>C,GTA,0.00782694230380952,0.00189785482760488,0.0094786079459885
T>C,GTC,0.00124822220777606,0.00129135819660083,0.00891192631766492
T>C,GTG,0.00200450503250365,0.000164388436337194,0.00988924509252527
T>C,GTT,0.00160321865895847,0.000917635591450254,0.0121965502693926
T>C,TTA,0.0167093774161424,0.00233485731083726,0.0154521894614253
T>C,TTC,0.00179337894458151,0.00418521355024871,0.00688618737783515
T>C,TTG,0.00489333567795537,0.00143509170940766,0.00811135542437356
T>C,TTT,0.00239597372182124,0.00175210997392993,0.0171094078851323
T>G,ATA,0.00356459928410731,0.00188717924915098,0.00254628156292449
T>G,ATC,0.000131345934315747,0.00167134690214827,0.000748989851548342
T>G,ATG,0.00244304355367872,0.0022246977186753,0.00304079705486448
T>G,ATT,0.00132456158419988,0.000380994375981496,0.00209660371965562
T>G,CTA,0.00252672325475868,0.000873154014559013,0.000798914621308791
T>G,CTC,0.00203267352837157,0.000273774435857566,0.00288558070906896
T>G,CTG,0.006655380611661,0.000586073785266155,0.00266186568627985
T>G,CTT,0.00114527415447374,0.00118955340496801,0.00723672551243281
T>G,GTA,0.000785460615235734,0.000703969303843982,0.00193085821625659
T>G,GTC,0.000549285669424534,0.000376971694245244,0.000270918774292482
T>G,GTG,0.000464046149355146,0.00132825856560452,0.0039807314049753
T>G,GTT,0.000924605644498626,0.000400953066134435,0.00180403510444806
T>G,TTA,0.00548326839516326,0.00235914811978308,0.00329231378593253
T>G,TTC,0.000868865054141088,0.000305104937841831,0.00367775193730585
T>G,TTG,0.00424518501081849,0.000697316407126335,0.00158398754104893
T>G,TTT,0.00109256144803686,0.000514516465919376,0.00674173679992637
