Before	Ref	After	Var	T01	T02	T03	T04	T05	T06	T07	T08	T09	T10	T11	T12	T13	T14	T15	T16	T17	T18	T19	T20	T21	T22	T23	T24	T25	T26	T27	T28	T29	T30	T31	T32	T33	T34	T35	T36	T37	T38	T39	T40	T41	T42	T43	T44	T45	T46	T47	T48	T49	T50	T51	T52	T53	T54	T55	T56	T57	T58	T59	T60	T61	T62	T63	T64	T65	T66	T67	T68	T69	T70	T71	T72	T73	T74	T75	T76	T77	T78	T79	T80	T81	T82	T83	T84	T85	T86	T87	T88	T89	T90	T91	T92	T93	T94	T95	T96	T97	T98
A	A	A	C	0	1	0	2	0	0	0	2	0	0	0	0	0	1	1	0	0	0	2	0	1	0	0	0	0	0	0	0	0	1	0	0	1	1	1	0	0	1	0	0	0	0	1	0	1	0	0	0	1	0	0	1	0	0	2	1	0	1	0	1	1	0	0	0	0	0	0	0	0	1	0	1	0	0	1	0	0	0	0	1	0	0	0	0	0	0	0	1	0	0	0	0	1	1	0	1	0	1
A	A	C	C	0	1	0	0	0	1	0	0	0	0	0	1	0	1	0	0	0	0	0	0	0	0	1	1	0	0	0	1	0	0	1	0	1	2	2	0	1	2	0	0	0	0	1	0	1	0	0	0	0	0	0	0	0	2	0	0	0	0	0	0	0	0	0	0	0	0	0	0	0	0	0	0	0	0	0	0	0	0	0	0	0	0	0	0	0	0	0	0	0	0	0	0	0	0	0	1	0	0
A	A	G	C	0	0	1	1	0	0	1	0	0	0	0	0	0	1	0	0	0	0	0	1	0	1	1	0	0	0	0	0	0	2	0	0	2	1	4	0	0	4	0	0	1	1	1	1	0	0	0	1	0	0	0	1	1	1	1	1	0	0	0	0	0	0	0	0	0	0	0	1	0	0	0	1	0	0	2	0	0	0	0	0	0	0	0	1	4	0	0	0	0	1	0	1	0	0	0	0	0	0
A	A	T	C	0	0	0	0	1	0	1	0	1	0	0	0	0	0	0	0	0	1	0	0	0	0	0	0	0	0	0	0	0	0	1	0	1	0	0	0	0	0	0	0	0	0	0	0	0	0	0	0	1	0	0	0	0	1	0	0	0	0	0	0	0	0	0	0	0	1	0	0	0	1	0	0	0	0	0	0	0	0	0	0	1	0	0	0	0	0	0	0	0	0	0	0	0	0	0	0	0	0
C	A	A	C	1	1	1	0	0	0	0	0	0	1	0	0	0	0	0	0	0	0	0	1	2	1	1	0	0	0	0	0	1	3	0	0	2	0	1	0	2	4	2	1	0	1	5	1	0	0	0	0	1	0	0	0	1	0	0	0	0	2	0	0	1	1	0	0	3	1	0	0	0	1	0	0	1	0	0	0	0	0	0	0	0	0	1	0	3	0	0	0	0	3	0	0	0	1	0	0	0	1
C	A	C	C	0	0	1	0	0	1	0	0	0	0	0	1	1	0	0	0	0	0	0	0	0	1	1	0	0	1	0	0	0	2	0	0	1	0	2	0	0	1	1	0	0	1	0	0	0	0	0	0	0	0	0	0	1	0	1	0	1	1	0	0	0	0	0	0	0	0	0	1	0	0	0	0	1	0	0	0	0	0	0	0	0	0	0	0	0	1	0	0	0	0	0	0	1	0	0	0	0	0
C	A	G	C	2	3	0	1	1	2	2	1	1	1	2	0	1	0	0	0	5	0	1	0	1	1	4	0	1	0	0	0	1	13	1	0	2	1	6	0	4	8	2	0	0	3	1	0	2	0	0	1	0	0	0	0	0	0	1	0	1	2	0	4	1	2	0	3	1	4	1	0	0	4	0	1	0	0	4	0	0	0	0	0	1	0	0	0	2	0	0	0	3	0	2	1	2	4	0	1	0	0
C	A	T	C	0	0	0	2	0	1	0	0	0	0	0	0	0	0	0	0	0	0	0	0	0	1	0	0	0	0	0	0	0	0	0	1	0	0	1	0	0	0	1	0	0	1	3	0	0	0	0	0	1	0	0	1	1	0	0	0	0	0	0	1	0	0	0	1	1	0	0	0	0	1	0	0	0	0	0	0	0	0	1	0	0	0	0	0	0	0	0	0	2	2	0	0	0	1	0	0	1	0
G	A	A	C	0	1	0	1	1	1	0	0	0	2	0	0	0	0	1	0	0	0	0	1	0	1	0	0	0	0	0	0	1	1	0	0	2	2	0	0	0	1	0	0	0	1	1	0	0	0	1	0	1	0	0	1	0	0	0	0	0	0	0	0	0	1	1	0	0	1	0	0	0	0	1	0	0	0	1	0	1	0	0	0	1	0	0	0	0	0	0	0	0	0	0	0	0	0	0	2	0	0
G	A	C	C	0	0	0	0	0	0	0	0	0	0	0	0	0	0	0	0	0	0	0	0	0	0	0	0	0	0	0	0	0	1	0	0	0	0	1	1	0	0	0	0	0	0	0	2	0	0	1	0	0	1	0	0	0	0	0	0	0	0	0	0	0	0	0	1	0	0	0	0	0	0	0	0	0	0	1	0	1	0	0	0	0	0	0	0	0	0	1	0	0	0	0	0	0	0	0	0	0	1
G	A	G	C	0	0	0	0	1	2	0	1	1	0	1	0	0	0	0	0	1	1	0	0	0	0	0	0	0	1	0	0	0	5	0	2	0	0	0	0	0	2	2	0	0	1	2	1	1	0	0	0	2	0	0	0	0	0	0	0	0	0	0	0	1	0	0	0	0	2	0	0	0	1	1	0	0	1	2	1	0	1	0	0	0	0	0	0	0	0	1	1	1	1	0	0	0	0	0	0	1	0
G	A	T	C	0	0	0	0	0	1	0	0	1	0	1	0	0	1	0	0	0	0	2	0	0	0	0	0	0	0	0	0	0	0	1	0	0	2	0	0	0	1	0	0	0	0	1	0	0	0	0	0	1	0	0	0	0	0	0	0	0	0	0	0	0	0	0	1	0	0	0	0	0	0	0	0	0	0	0	0	0	0	0	0	0	0	0	0	1	0	0	0	0	0	0	0	0	1	0	0	0	1
T	A	A	C	0	0	0	0	0	1	0	0	0	0	0	0	1	0	0	0	0	0	1	0	0	0	0	0	0	1	0	0	0	0	0	0	1	1	1	1	2	2	0	0	0	2	0	0	0	0	0	0	0	0	0	0	0	1	0	0	0	0	0	1	0	0	0	0	0	2	1	0	0	0	0	1	0	1	0	0	0	0	0	0	0	0	1	1	5	0	0	0	0	0	0	0	0	1	0	0	0	1
T	A	C	C	0	0	1	0	0	0	0	0	0	1	0	0	0	0	0	0	0	0	0	0	0	0	1	0	0	0	0	0	1	1	0	0	0	1	0	0	1	2	0	0	0	0	0	0	0	0	0	0	0	0	0	0	0	0	0	0	0	1	0	0	0	0	0	0	1	1	0	0	0	1	1	0	0	0	1	0	1	0	0	0	0	0	0	0	0	0	0	0	0	1	0	0	0	0	0	1	0	0
T	A	G	C	0	0	0	0	0	1	0	0	0	0	1	0	1	0	0	0	0	0	0	0	0	1	1	0	0	0	0	1	2	0	0	1	1	0	0	0	1	3	2	0	0	1	0	1	0	0	1	2	0	0	0	0	0	1	0	0	0	0	0	0	0	0	0	0	0	0	0	0	0	2	0	0	0	0	0	0	0	0	0	0	0	0	0	0	1	1	0	1	0	0	0	0	1	0	1	0	0	0
T	A	T	C	0	0	0	1	1	1	0	0	0	0	1	1	0	0	0	0	2	0	1	0	0	1	0	0	0	0	0	0	0	1	0	0	0	1	2	0	0	1	2	0	0	0	1	0	1	0	0	0	0	0	1	0	0	0	0	0	0	3	0	0	0	0	0	0	0	1	0	0	0	2	0	1	0	0	2	0	0	0	0	0	0	0	0	1	0	0	0	0	0	3	0	0	0	0	0	2	0	0
A	A	A	G	0	3	0	1	0	0	1	0	2	0	2	0	0	0	1	0	1	0	0	0	0	1	1	0	0	3	0	0	0	0	2	0	2	0	0	2	0	1	1	0	0	2	1	0	0	1	0	1	1	0	0	0	0	0	1	0	0	0	1	2	1	2	1	2	0	0	1	0	0	0	0	0	1	0	1	1	0	0	0	1	0	0	1	1	2	0	0	0	0	0	0	0	0	1	0	0	1	0
A	A	C	G	2	1	1	1	2	1	1	0	1	0	2	0	0	0	0	0	0	1	0	0	0	4	1	0	0	1	0	1	0	2	3	2	3	0	3	0	1	3	4	0	0	1	1	1	1	0	0	0	0	0	1	1	2	1	0	0	0	0	0	0	1	2	1	2	0	1	0	1	0	0	0	1	0	0	3	0	0	1	0	0	1	0	0	1	2	0	0	0	1	0	0	1	1	0	0	0	1	0
A	A	G	G	1	0	1	0	0	1	1	2	3	0	0	0	0	1	1	0	1	3	2	2	0	1	2	0	1	2	0	0	0	1	0	1	3	1	0	0	1	3	1	0	0	1	1	1	1	0	0	1	5	0	1	0	2	1	4	0	1	0	1	1	0	1	1	0	0	3	1	0	1	2	0	0	0	0	2	0	4	0	0	0	0	1	1	0	3	0	0	0	0	4	0	0	0	0	0	2	1	0
A	A	T	G	1	2	1	0	0	2	0	3	3	0	1	7	0	5	0	1	2	5	1	2	0	4	0	0	1	0	1	0	0	2	0	2	2	0	2	1	0	2	2	0	1	1	2	0	3	2	0	1	2	0	2	1	0	1	7	0	1	2	0	0	1	0	2	3	0	4	1	0	0	1	2	0	0	0	0	0	0	2	1	1	1	0	1	1	4	2	1	1	0	1	3	0	0	1	0	2	1	1
C	A	A	G	1	1	2	0	1	2	1	1	0	2	0	1	0	0	0	0	2	1	1	0	0	3	2	0	0	0	0	3	0	2	3	0	2	0	1	2	0	2	1	1	0	2	3	0	1	1	2	0	0	1	1	1	2	0	0	0	0	3	1	1	0	0	0	0	0	0	0	0	1	1	0	1	0	1	1	1	0	0	2	0	2	0	0	0	0	0	0	1	0	0	0	0	1	2	0	0	0	1
C	A	C	G	2	0	0	0	1	2	1	0	2	1	0	1	1	2	0	0	1	1	0	1	0	2	3	0	1	1	0	1	1	3	2	1	1	2	1	0	0	1	0	0	0	3	1	3	0	0	1	0	0	0	2	0	0	0	1	0	1	1	1	0	0	2	0	0	0	1	0	1	0	2	0	2	1	0	0	2	0	0	3	1	1	0	0	0	1	1	0	0	1	2	2	0	0	2	0	1	1	0
C	A	G	G	0	2	1	2	2	0	1	1	0	3	1	1	0	1	0	0	1	0	1	0	0	4	1	1	0	0	0	1	0	4	4	2	7	2	1	0	1	6	3	0	0	3	1	3	1	0	0	1	1	0	0	0	0	0	1	2	0	0	0	4	1	4	0	0	1	5	0	1	2	0	0	1	1	1	1	0	2	3	0	0	1	0	2	1	3	1	0	0	0	4	1	0	1	1	1	2	0	0
C	A	T	G	4	5	0	3	2	1	1	2	2	3	1	4	1	5	1	0	2	4	0	1	1	3	0	0	6	1	1	4	3	6	2	2	7	0	1	2	2	8	6	1	1	2	1	2	3	0	2	2	1	0	0	2	2	0	4	1	3	3	3	2	1	3	1	1	2	2	1	0	1	1	0	2	2	2	1	3	2	0	2	0	2	0	2	1	4	1	0	1	1	1	3	0	1	1	0	3	1	1
G	A	A	G	0	0	1	1	2	0	1	0	2	1	0	0	2	0	0	0	2	0	1	0	2	1	0	0	0	1	2	0	0	1	1	4	1	2	1	1	3	2	2	1	0	0	1	0	0	1	2	2	0	0	0	0	0	0	0	0	0	1	0	2	0	4	1	0	0	3	0	0	0	0	0	1	0	0	3	1	0	0	3	0	0	1	1	0	3	1	1	0	0	0	0	1	1	0	0	1	1	0
G	A	C	G	1	2	1	1	1	0	1	1	3	0	0	0	0	0	0	0	0	0	0	0	0	1	3	0	0	1	0	2	2	1	1	0	3	4	1	2	2	0	1	1	0	3	2	0	2	0	0	1	0	0	1	1	2	1	1	1	2	0	1	0	1	1	1	1	0	4	1	0	0	0	0	1	1	0	0	0	0	0	0	0	0	2	1	0	1	0	0	0	0	0	0	0	2	0	0	2	1	0
G	A	G	G	3	1	0	0	2	1	1	1	3	0	0	0	1	2	0	2	1	3	0	0	0	1	0	0	1	1	0	0	2	3	2	2	2	1	3	1	3	3	0	1	0	1	1	0	2	0	0	1	1	0	0	0	0	0	3	0	2	1	0	0	0	2	0	1	0	2	0	2	0	1	0	1	0	0	3	1	1	2	2	0	0	0	0	0	4	0	1	1	0	0	0	0	0	1	0	1	1	0
G	A	T	G	0	1	0	0	0	0	2	0	2	1	2	3	2	1	0	0	0	0	0	0	0	3	0	0	1	1	0	2	0	2	2	2	1	2	2	1	2	3	1	0	2	1	0	0	0	0	0	1	3	0	0	0	1	0	0	0	0	0	1	2	0	1	0	1	0	2	0	2	0	0	1	0	0	0	4	0	0	0	2	1	0	0	0	0	1	0	1	0	0	0	0	1	0	0	0	0	0	1
T	A	A	G	0	0	1	0	0	1	0	1	2	1	0	0	0	1	0	0	3	0	0	0	2	0	1	0	1	1	0	0	3	5	1	4	0	1	3	1	2	0	4	0	0	1	0	2	3	0	0	1	0	0	2	0	2	0	0	0	1	1	0	0	0	0	0	0	1	1	0	0	0	3	0	1	0	0	2	0	0	3	1	0	0	1	0	1	5	0	0	0	0	1	0	0	0	3	0	1	1	0
T	A	C	G	0	2	3	1	3	0	1	0	3	0	1	2	0	1	0	0	1	1	1	2	0	4	1	0	0	0	1	1	0	3	2	0	1	1	0	1	3	3	1	0	2	3	2	1	1	0	1	0	2	0	0	0	0	2	0	0	1	0	0	1	0	3	2	4	1	4	2	0	0	0	0	0	1	0	2	1	0	2	0	1	2	1	1	2	2	2	0	0	2	2	2	1	0	1	0	0	3	0
T	A	G	G	0	0	3	2	2	1	2	0	0	1	2	0	0	1	1	0	0	0	1	0	0	4	1	0	3	0	0	0	1	3	0	0	1	2	0	0	1	3	0	0	2	1	4	2	1	0	0	0	0	0	0	1	0	0	0	0	1	1	1	2	1	1	0	0	1	2	1	0	0	0	0	0	1	0	0	0	0	0	3	0	0	1	0	0	4	0	0	0	0	3	0	0	1	2	0	3	0	0
T	A	T	G	1	2	6	3	2	5	5	3	3	3	2	4	3	5	4	1	9	7	2	2	2	9	2	0	1	2	2	3	3	8	4	2	2	0	10	1	3	11	6	1	0	4	7	3	2	1	3	1	2	0	0	0	3	0	2	2	0	7	0	2	0	4	4	2	2	1	1	0	1	5	1	1	0	0	5	1	0	2	1	0	0	0	0	0	6	1	0	0	1	3	2	0	1	2	1	3	2	1
A	A	A	T	3	1	6	4	4	2	2	0	1	1	3	0	1	0	0	0	1	0	0	0	3	7	2	0	0	2	1	0	7	14	4	4	1	1	7	0	11	12	18	1	0	4	15	2	2	0	0	1	0	1	0	0	1	0	0	0	1	6	0	3	0	2	0	1	4	7	0	0	0	4	1	0	1	0	6	2	0	0	2	0	1	0	0	0	14	0	0	0	0	11	2	1	0	9	0	11	6	1
A	A	C	T	3	2	3	2	0	3	2	0	1	2	0	0	0	1	0	0	3	0	0	1	0	5	1	0	0	0	0	0	3	12	3	2	1	1	5	0	4	9	6	1	0	4	15	1	1	0	0	2	3	0	0	1	0	1	0	0	1	4	0	0	1	2	0	0	0	2	0	0	0	6	1	1	1	1	2	4	1	0	1	0	1	0	1	1	9	0	0	0	0	9	4	0	0	0	0	5	2	0
A	A	G	T	9	2	29	11	9	15	17	0	3	8	5	1	2	3	0	0	13	0	5	5	8	30	6	0	1	3	0	0	21	46	9	14	0	3	18	2	30	50	58	3	2	17	60	9	21	0	2	6	8	0	2	2	2	1	0	0	0	28	1	10	0	5	0	10	15	20	0	0	1	23	2	1	3	0	18	5	1	5	6	1	5	0	9	4	53	0	0	6	4	39	7	2	1	34	1	31	5	2
A	A	T	T	1	1	6	2	0	3	1	1	2	1	1	1	0	1	0	0	3	1	0	0	2	6	2	1	0	0	0	0	5	7	0	1	3	0	4	0	3	5	7	0	0	2	9	3	3	1	0	0	1	1	0	1	0	0	0	0	0	2	2	2	0	0	0	2	3	2	1	0	0	2	0	0	0	1	1	0	0	1	0	0	2	0	1	1	7	0	0	2	0	8	0	0	2	5	0	6	1	0
C	A	A	T	9	2	29	7	8	13	16	0	1	12	1	0	5	1	0	0	18	0	2	2	6	26	10	0	1	1	3	0	27	62	11	19	0	6	29	4	37	56	53	7	1	26	55	10	8	1	1	7	4	0	7	1	2	2	2	0	0	33	4	14	1	2	0	12	9	11	0	0	0	15	3	0	7	1	33	2	0	2	7	2	5	1	5	10	60	1	0	4	3	39	7	0	4	34	1	30	5	2
C	A	C	T	13	3	23	9	1	5	4	1	1	6	1	0	1	3	0	1	2	0	4	3	7	28	12	0	1	3	2	0	17	48	7	12	0	4	9	1	23	31	26	2	0	11	29	4	9	0	2	1	4	0	2	1	0	0	0	0	1	26	1	5	0	2	0	5	4	23	1	1	0	12	0	0	1	1	9	3	0	2	6	1	3	0	5	3	40	0	0	4	1	30	7	0	2	22	0	22	5	0
C	A	G	T	48	11	97	53	38	69	56	1	11	45	9	3	29	13	0	0	43	0	17	14	34	121	30	0	4	24	2	2	78	216	29	63	3	15	99	10	148	249	190	18	0	74	230	24	49	1	3	10	26	2	11	9	5	2	6	0	3	112	9	33	0	24	1	45	41	70	1	3	0	74	11	9	18	2	106	15	1	8	24	2	13	0	40	24	217	1	3	18	9	142	36	2	16	129	2	114	10	8
C	A	T	T	11	3	23	14	3	12	17	2	1	10	2	1	6	1	1	0	8	1	3	5	8	39	16	0	2	4	2	1	19	41	7	9	1	3	14	2	25	35	46	2	1	10	44	3	7	0	0	2	5	0	0	1	0	0	3	2	1	24	2	7	0	3	0	5	7	22	0	1	0	9	7	1	1	0	12	2	1	2	11	0	4	0	6	4	45	0	0	4	4	29	7	0	3	26	0	24	3	0
G	A	A	T	9	0	7	7	3	3	12	0	3	4	1	1	2	3	0	0	3	1	5	1	2	18	4	0	0	2	2	1	14	27	3	3	0	4	7	0	13	30	24	4	0	11	20	3	8	0	0	1	2	0	2	1	2	1	0	0	0	18	1	8	1	2	0	5	3	10	1	0	0	5	2	1	2	0	16	1	0	0	2	1	4	0	1	3	35	0	1	1	0	14	4	1	0	10	0	17	1	0
G	A	C	T	2	1	9	4	1	6	2	0	2	4	0	0	0	1	0	0	2	0	0	1	2	9	1	0	0	2	0	0	4	10	2	3	1	1	7	1	5	11	10	0	1	2	15	3	4	0	0	1	2	0	0	1	0	0	0	0	0	10	0	1	0	0	0	0	1	5	0	0	0	5	1	0	1	0	7	1	1	0	1	1	1	0	1	1	14	0	0	1	3	8	1	1	1	7	0	10	1	0
G	A	G	T	16	4	27	12	5	15	14	1	6	7	4	1	3	1	0	1	5	1	6	5	9	31	9	1	0	5	2	1	23	51	8	12	3	1	24	3	43	50	62	6	0	10	72	9	22	0	0	4	4	1	3	1	1	1	0	2	0	39	4	6	0	10	1	9	9	30	1	2	0	24	4	1	2	0	28	4	2	6	11	0	3	0	8	7	48	0	0	2	3	34	7	0	3	31	1	30	1	0
G	A	T	T	2	6	6	4	1	1	4	1	0	3	4	0	0	0	1	0	2	0	2	3	1	7	2	0	0	2	0	0	4	9	2	0	0	0	4	0	4	12	4	1	0	3	11	1	1	0	1	1	4	0	0	1	1	0	0	1	0	5	0	4	0	0	0	0	4	5	0	0	0	4	1	1	0	0	4	0	0	2	1	0	2	0	0	2	19	0	0	2	0	11	0	0	0	10	0	11	1	1
T	A	A	T	7	2	9	9	1	9	8	0	1	2	2	0	2	0	0	0	6	0	0	1	5	16	6	0	0	1	0	1	3	20	6	5	1	1	8	0	11	40	19	1	0	2	26	2	8	1	0	2	2	0	2	0	1	0	1	1	0	14	0	6	1	2	0	3	4	4	0	0	0	8	1	1	0	0	8	2	0	3	0	1	0	1	3	3	21	0	0	2	0	11	1	0	1	15	0	13	2	3
T	A	C	T	4	2	17	10	7	11	2	0	1	3	3	1	2	0	0	0	6	0	2	2	7	22	4	0	0	2	4	0	14	36	2	7	1	2	14	1	16	25	30	3	1	12	36	0	9	0	0	0	3	0	3	3	1	1	1	0	0	18	0	6	0	4	0	7	7	9	0	0	0	11	1	1	3	0	15	7	0	1	0	1	4	0	8	3	47	1	0	1	1	19	7	0	1	18	0	24	3	1
T	A	G	T	6	2	25	20	5	23	9	0	4	5	3	0	5	2	0	0	24	0	1	1	6	33	7	0	1	6	2	0	16	44	7	13	2	2	20	3	27	61	38	4	0	18	50	11	12	1	2	4	6	0	2	1	1	0	0	0	2	22	1	10	0	3	1	11	9	21	0	0	0	20	4	6	5	2	15	5	0	3	4	1	6	0	5	5	45	0	0	3	4	28	7	1	3	28	1	41	5	1
T	A	T	T	9	2	14	8	6	6	9	1	3	5	2	1	1	3	1	1	13	0	2	1	1	18	4	0	1	3	0	0	7	16	7	3	1	1	15	1	11	30	22	6	0	5	40	3	8	0	1	0	4	0	2	2	1	3	1	0	0	10	2	5	1	4	0	3	6	10	0	0	0	6	1	1	3	0	8	3	1	1	2	0	2	0	5	1	25	0	0	1	1	18	6	1	1	18	0	14	0	1
A	C	A	A	1	1	0	1	2	1	0	0	0	0	0	0	0	0	1	0	1	0	1	1	0	0	0	0	0	0	1	2	0	0	0	1	3	1	1	0	0	2	0	0	1	0	1	0	1	1	0	0	1	0	0	0	1	1	2	1	1	1	0	1	1	1	0	0	0	1	0	0	1	0	0	0	0	0	2	1	0	0	0	0	1	0	0	0	1	0	0	0	1	1	0	1	0	0	0	1	1	1
A	C	C	A	0	0	0	1	0	1	1	0	1	2	1	0	0	0	0	0	1	0	1	0	0	1	0	0	1	0	0	0	0	1	2	1	3	0	0	0	1	0	1	0	1	2	0	1	1	2	1	0	1	0	2	0	1	0	0	3	0	1	0	1	0	1	2	0	0	1	2	1	0	1	0	0	0	0	2	1	1	0	0	0	0	0	0	0	1	1	0	1	0	0	0	0	0	0	0	4	0	0
A	C	G	A	0	0	0	0	1	2	0	0	0	0	0	0	0	0	0	0	0	0	0	0	0	0	0	0	0	1	1	0	0	2	0	0	0	0	1	1	1	0	0	0	0	1	1	0	0	0	0	0	0	0	0	0	0	0	0	0	0	0	0	0	1	0	0	1	0	4	2	0	1	0	0	0	0	0	3	0	0	1	0	0	0	0	1	0	0	1	0	1	0	0	0	0	0	0	0	0	0	0
A	C	T	A	1	1	1	0	2	0	1	0	0	1	0	0	0	1	0	0	0	0	0	0	1	0	0	0	2	0	1	1	0	3	1	0	1	0	0	0	0	0	0	0	1	0	0	0	0	0	1	0	0	0	3	0	1	1	1	0	0	1	0	0	0	1	0	0	0	0	1	2	0	2	1	0	1	0	2	0	0	1	0	0	0	0	1	0	1	0	0	0	0	1	0	0	1	0	0	0	0	0
C	C	A	A	1	1	0	0	1	1	0	0	2	1	0	0	2	0	0	0	0	0	1	0	0	1	1	0	1	2	2	0	4	0	1	1	0	0	0	0	3	0	2	0	0	1	2	1	2	0	1	3	2	1	2	1	1	1	1	0	2	1	1	0	0	1	1	0	1	2	0	0	1	1	0	1	0	0	7	0	0	0	1	1	2	0	0	1	1	0	0	0	0	1	2	0	0	0	0	1	3	1
C	C	C	A	1	1	1	4	1	0	0	0	2	2	0	0	1	0	0	0	1	0	0	0	0	0	2	0	0	1	1	0	0	2	0	3	2	2	1	1	1	3	2	0	0	0	2	0	2	0	0	0	0	0	0	0	1	0	1	0	0	1	0	1	0	1	0	1	0	3	0	0	0	2	0	2	0	0	1	0	0	2	1	0	1	0	1	2	2	0	1	0	0	1	0	1	0	0	0	1	0	1
C	C	G	A	0	0	1	0	0	0	0	0	0	0	0	0	0	0	0	0	0	0	0	1	0	0	0	0	0	1	0	1	0	2	1	2	0	0	1	1	2	1	2	0	0	0	1	0	0	1	0	0	0	0	1	1	1	0	0	0	0	1	0	0	0	1	0	0	0	2	1	0	1	1	0	1	0	2	1	0	1	0	1	0	1	0	1	1	0	0	0	0	0	1	0	1	0	1	0	0	0	0
C	C	T	A	0	0	0	0	1	0	0	1	1	2	0	1	0	0	1	0	0	1	0	0	0	1	1	1	0	0	0	0	1	2	0	2	1	0	1	1	2	1	1	0	0	1	1	1	0	0	1	0	0	2	0	0	1	0	1	0	0	2	0	0	0	1	1	0	1	2	0	0	2	1	0	1	0	0	2	0	0	1	0	0	2	2	1	1	1	2	0	0	0	2	0	0	1	1	0	1	1	1
G	C	A	A	0	1	0	1	0	2	3	0	1	0	1	2	0	0	0	1	1	1	0	1	0	0	0	0	0	1	0	0	1	1	1	0	4	0	0	0	0	1	1	0	1	1	1	0	2	0	0	0	2	1	1	0	0	1	1	0	1	1	0	0	0	0	2	1	0	0	0	0	0	1	0	2	0	1	1	1	1	0	0	0	1	0	0	0	0	1	2	0	1	2	1	1	1	0	0	0	2	1
G	C	C	A	0	3	2	1	1	0	2	0	1	0	0	0	0	0	1	0	0	1	1	0	0	1	0	0	2	2	0	1	0	4	2	2	1	1	2	1	0	1	0	0	0	1	0	1	1	0	1	0	1	0	0	0	5	1	0	0	1	2	0	0	2	1	0	1	1	1	0	0	3	3	1	0	0	1	4	0	0	4	1	0	2	1	0	3	0	0	0	1	0	1	1	2	2	0	0	2	1	0
G	C	G	A	0	0	0	1	2	0	1	1	0	1	0	0	1	1	0	0	0	0	0	0	0	0	0	0	1	0	0	0	0	0	1	2	1	1	0	2	0	0	2	0	1	1	1	0	0	0	0	1	0	0	0	0	1	0	1	0	3	1	0	0	1	0	0	0	0	0	0	0	1	1	0	2	0	0	2	2	1	0	1	0	0	0	2	0	0	0	0	0	0	0	1	0	0	0	0	0	1	1
G	C	T	A	1	0	0	0	0	0	1	0	0	0	0	1	1	0	0	0	1	0	0	0	0	0	0	0	0	0	0	0	0	2	0	1	0	1	1	2	0	0	0	1	0	0	0	0	1	0	0	0	0	0	0	0	0	1	0	0	0	1	1	1	0	2	0	1	0	1	1	1	0	2	1	1	0	0	3	1	0	0	0	1	0	0	0	0	0	1	0	0	0	0	0	0	0	0	0	0	0	0
T	C	A	A	1	0	0	2	0	2	0	0	1	1	2	0	1	1	1	0	0	0	0	0	1	1	2	0	4	0	0	1	0	2	0	0	0	0	0	3	0	3	1	1	0	1	1	3	3	1	0	1	0	0	0	0	1	0	0	0	1	1	2	0	0	3	0	0	0	3	0	1	1	0	1	1	0	1	1	1	0	0	0	0	1	0	0	0	2	0	0	1	3	0	1	0	1	1	0	0	0	2
T	C	C	A	2	0	1	0	0	3	0	0	0	1	1	0	1	1	0	0	1	0	0	0	2	0	0	0	0	0	0	1	1	1	1	0	0	2	1	0	1	3	0	2	0	1	1	0	1	1	1	0	2	0	0	1	3	1	1	2	3	1	1	0	2	2	0	0	1	3	1	0	1	0	1	0	1	0	2	0	0	2	2	1	0	0	0	0	1	1	0	0	2	2	2	1	1	0	0	0	0	3
T	C	G	A	0	0	0	0	1	0	0	0	0	1	1	0	0	1	0	0	0	0	0	0	1	0	0	0	0	0	0	0	0	0	0	1	0	0	1	0	0	0	0	0	0	0	0	1	1	0	0	0	0	0	1	1	0	0	0	0	0	0	0	0	1	0	0	1	0	1	0	0	0	1	0	0	0	0	1	1	1	2	0	0	0	0	1	0	0	0	0	1	0	0	0	0	1	0	0	0	0	1
T	C	T	A	0	2	1	0	2	0	0	0	1	0	0	1	1	1	0	0	0	0	2	0	1	0	0	0	0	1	0	1	0	2	1	0	0	3	1	0	0	0	1	0	0	3	0	2	1	0	0	0	0	0	0	0	0	1	2	0	2	0	0	0	0	0	0	1	0	0	1	1	0	0	0	0	0	0	0	1	2	2	0	0	0	0	0	1	0	0	0	0	0	1	0	0	0	0	0	0	0	1
A	C	A	G	1	0	0	1	0	0	0	0	0	1	0	0	0	0	0	0	0	0	0	0	0	1	1	0	0	0	0	0	1	1	0	0	0	0	0	0	0	0	1	0	0	0	2	0	0	0	0	0	0	0	1	0	0	0	0	1	0	0	0	0	0	0	0	1	0	1	0	0	1	0	0	0	0	0	1	0	1	0	0	0	1	1	0	1	0	0	0	2	0	0	0	0	1	0	0	0	1	0
A	C	C	G	0	0	1	0	0	1	0	1	0	0	1	0	0	0	1	0	0	0	0	0	0	1	0	0	1	0	2	0	1	0	0	0	0	0	0	0	0	0	0	0	1	1	0	1	0	0	0	0	2	0	0	1	0	0	0	1	0	0	0	0	0	0	1	0	1	1	1	0	1	0	0	0	0	0	0	0	0	0	0	0	0	0	0	0	0	3	0	0	0	1	0	1	0	0	0	0	1	0
A	C	G	G	0	0	0	1	0	0	0	0	0	0	0	0	0	0	0	0	0	0	0	0	0	0	0	0	0	0	0	0	0	0	1	1	1	0	0	1	0	0	0	0	0	0	0	0	0	0	0	0	0	0	0	0	0	0	0	0	0	0	0	0	0	0	0	0	0	0	1	0	0	0	0	1	0	0	0	0	0	1	0	0	1	0	0	0	0	0	0	0	0	0	0	0	0	0	0	0	0	0
A	C	T	G	0	0	2	1	0	1	0	1	2	0	1	0	0	1	0	0	0	1	0	0	0	0	0	1	0	0	0	0	0	0	0	2	2	0	0	0	0	0	1	1	1	1	0	0	1	1	1	0	2	0	1	0	1	1	0	0	1	1	0	1	0	0	1	0	0	1	0	0	0	0	0	1	0	0	0	1	0	1	2	0	1	0	0	1	0	0	0	0	0	0	0	0	1	0	0	0	0	1
C	C	A	G	0	1	0	1	0	0	1	0	1	0	0	1	0	0	0	0	0	0	0	0	0	0	0	0	0	0	0	1	0	0	1	0	3	0	0	0	0	0	0	0	0	0	0	0	1	0	1	0	0	0	1	1	0	0	0	0	0	0	0	0	0	2	0	0	0	0	1	1	1	2	0	0	1	0	0	0	0	0	1	0	0	0	0	0	0	0	0	0	0	1	0	0	1	0	0	1	0	0
C	C	C	G	0	0	0	1	0	1	0	0	0	0	0	0	0	0	0	0	0	1	1	0	0	2	1	0	0	3	0	0	0	1	0	1	1	1	0	0	0	1	1	0	0	2	0	0	0	0	0	0	0	0	0	0	0	2	0	0	0	0	0	0	0	3	1	0	0	1	1	0	0	2	0	1	0	0	0	0	1	0	1	0	1	1	0	0	1	0	0	1	0	0	0	0	0	0	0	1	0	0
C	C	G	G	1	0	0	0	1	0	0	0	0	1	0	0	0	0	0	0	0	0	0	0	0	2	0	0	0	0	0	0	0	1	0	0	1	0	1	0	0	1	0	0	0	1	0	1	0	0	0	0	0	0	0	0	1	0	0	0	0	0	0	1	0	0	0	0	0	0	0	0	0	0	0	0	0	0	0	0	0	0	0	0	0	0	0	0	0	0	0	0	0	0	0	0	0	0	0	1	0	0
C	C	T	G	1	0	0	3	1	1	1	0	1	1	1	0	0	0	0	1	0	0	0	0	0	3	2	2	0	0	0	0	0	2	1	1	4	0	0	1	0	2	1	0	0	1	0	1	1	0	0	0	0	0	1	1	1	0	1	0	0	2	0	1	0	0	0	0	0	2	1	0	0	3	0	1	0	0	0	1	0	0	1	1	1	0	0	0	2	0	0	0	0	0	0	0	0	0	0	0	0	0
G	C	A	G	0	1	0	0	0	0	0	1	0	1	1	1	1	0	0	0	0	0	1	0	0	0	1	0	0	0	0	0	0	0	0	0	2	1	0	0	1	0	0	0	0	0	0	0	0	0	1	0	1	1	0	0	0	0	0	0	0	1	0	0	0	0	0	1	0	0	1	0	0	1	0	0	0	0	2	0	0	0	0	0	0	0	0	0	0	0	0	0	0	0	0	0	0	0	0	0	0	0
G	C	C	G	0	0	0	0	1	0	0	0	0	0	0	0	0	0	0	0	0	0	0	0	0	2	0	0	0	0	1	0	1	0	0	0	1	0	1	0	0	1	0	0	2	0	1	1	0	1	2	1	0	1	0	0	0	0	0	0	0	0	0	0	0	0	0	1	0	0	0	1	2	1	0	0	0	0	1	1	0	0	0	0	1	0	0	1	0	0	0	0	0	0	0	0	0	0	0	0	0	0
G	C	G	G	0	1	0	1	0	0	0	0	0	1	0	1	1	0	0	0	0	0	0	0	0	0	0	0	0	0	1	0	0	0	0	0	0	0	0	0	1	1	0	0	0	0	0	1	0	0	0	0	0	0	0	0	1	0	0	1	0	0	0	1	0	0	1	0	1	2	0	0	0	0	0	0	0	0	0	0	0	0	0	0	0	0	0	0	1	0	0	0	0	0	0	0	0	1	0	0	0	0
G	C	T	G	0	0	1	0	0	0	0	2	1	0	1	0	0	0	0	1	0	0	0	0	0	0	0	0	0	0	0	0	0	0	1	0	1	0	0	0	0	0	0	1	0	1	0	1	1	0	0	0	0	0	1	0	0	0	0	0	0	1	0	0	0	0	0	0	0	0	0	0	0	1	0	1	0	0	0	0	0	1	0	0	0	0	0	0	1	0	1	0	0	2	0	0	0	0	0	1	0	1
T	C	A	G	1	1	1	0	1	0	0	0	0	1	0	0	1	0	0	1	0	0	0	0	1	0	0	0	0	0	0	0	1	1	1	0	0	0	0	0	1	0	0	0	0	0	1	0	0	0	0	0	0	0	0	1	1	0	1	0	0	0	0	0	0	0	0	1	0	0	1	0	0	1	1	0	1	1	0	0	2	0	0	1	1	0	0	0	1	0	0	0	0	0	0	0	0	1	0	0	2	0
T	C	C	G	0	0	0	0	0	0	0	0	0	0	0	0	1	1	0	0	0	1	0	0	0	1	0	0	1	0	0	0	0	1	0	3	0	0	3	0	0	1	0	0	0	2	0	0	0	0	0	0	0	0	0	0	0	0	0	0	0	1	0	1	1	2	1	0	0	1	0	0	0	0	0	0	0	0	1	0	0	1	1	0	0	0	0	1	0	0	2	1	0	1	0	0	0	0	0	0	0	0
T	C	G	G	0	0	0	0	0	0	0	0	0	0	0	0	0	0	0	0	0	0	0	0	0	0	0	0	0	1	0	0	0	0	0	0	1	0	0	0	0	1	0	0	0	0	0	0	0	0	0	0	0	0	0	0	1	0	0	0	0	0	0	0	0	2	0	0	1	0	1	0	0	0	0	1	0	0	0	1	0	0	0	0	0	0	0	1	0	0	0	0	0	0	0	0	0	0	0	0	0	0
T	C	T	G	0	0	0	0	0	0	1	1	0	0	0	1	0	0	0	1	0	1	0	0	0	1	0	0	1	1	0	0	0	0	0	0	1	0	1	1	0	4	1	0	0	0	1	0	1	1	1	2	2	1	0	0	1	1	0	0	1	0	0	1	1	2	0	1	1	0	0	0	0	1	1	0	0	1	1	1	0	0	1	0	0	0	0	0	2	0	1	1	0	0	0	1	1	0	0	0	1	1
A	C	A	T	0	0	1	0	3	3	0	2	1	2	3	0	0	0	1	1	0	0	1	2	0	2	1	0	1	0	1	0	1	3	1	3	7	0	0	0	1	1	3	0	2	0	3	1	0	0	1	4	3	0	0	0	1	0	0	1	0	1	1	0	0	2	1	0	0	1	0	0	0	1	0	1	0	1	2	2	0	0	0	0	0	0	0	3	2	0	2	0	0	0	0	1	0	0	0	2	1	0
A	C	C	T	1	0	0	1	1	0	0	0	3	0	2	0	0	2	0	0	1	0	4	0	0	1	0	0	2	1	0	0	0	1	0	1	2	1	2	0	0	2	0	0	0	1	0	0	1	1	1	0	1	0	0	0	1	1	0	0	0	3	0	3	1	1	1	1	0	3	1	0	1	0	1	1	0	3	2	1	2	1	1	0	1	0	0	2	2	0	0	1	0	1	0	1	0	0	0	1	1	1
A	C	G	T	0	2	0	3	1	1	0	0	1	2	3	3	1	0	1	1	1	0	1	1	1	0	0	1	2	0	1	1	0	2	1	3	14	0	3	2	0	1	3	0	0	0	0	5	0	0	3	1	1	1	3	0	0	1	1	5	2	1	1	0	3	6	2	1	3	2	0	2	2	0	0	0	1	2	1	0	2	1	2	1	1	1	0	2	3	0	2	2	0	5	1	1	3	1	1	1	0	3
A	C	T	T	0	0	0	0	0	0	1	0	0	0	0	2	0	2	0	0	1	0	1	0	0	0	1	1	0	0	2	0	0	1	0	0	5	2	2	0	0	0	0	0	0	0	2	0	1	0	0	1	1	0	0	0	1	1	0	0	0	2	1	0	0	1	0	0	0	0	0	0	0	0	0	2	1	0	0	0	0	1	0	0	0	0	0	1	1	0	0	0	0	0	1	0	0	0	0	1	0	0
C	C	A	T	1	1	2	4	1	4	3	2	1	3	2	4	1	0	1	2	0	0	1	1	1	2	2	3	1	1	1	1	0	7	1	1	3	0	13	0	2	1	3	0	0	1	2	1	3	1	3	1	2	2	1	2	2	0	0	1	1	2	2	4	3	2	0	0	4	4	0	2	1	2	2	1	1	1	1	0	0	1	1	1	3	1	0	1	5	1	0	1	1	2	2	0	0	0	0	5	1	0
C	C	C	T	0	0	2	4	1	2	2	0	3	0	0	1	0	1	1	0	0	1	1	0	2	2	1	0	1	1	1	2	1	1	0	3	5	0	8	1	3	3	6	1	1	2	2	2	0	0	0	0	1	0	1	0	0	0	0	0	1	4	2	0	1	4	0	0	2	2	3	1	1	3	1	0	1	0	3	0	0	3	0	1	0	0	0	2	6	0	0	0	3	4	1	0	0	3	0	3	0	2
C	C	G	T	3	1	3	3	3	2	2	1	2	3	6	0	0	0	2	1	2	1	0	1	2	7	3	3	0	1	0	0	3	4	2	1	7	1	13	1	3	2	2	0	2	2	4	2	2	2	1	2	0	1	1	2	1	2	0	0	2	3	3	1	1	4	4	1	1	0	3	1	1	2	1	2	2	0	3	1	3	1	1	0	4	0	2	3	6	0	1	1	1	1	2	3	0	4	0	2	2	2
C	C	T	T	4	0	2	1	1	0	3	0	1	0	0	1	3	0	0	3	0	0	0	1	0	1	1	0	0	0	0	3	1	3	1	4	0	0	26	2	0	3	3	2	0	4	3	0	2	0	0	1	1	0	2	1	1	0	0	0	7	3	1	0	1	4	0	2	3	2	0	0	1	3	2	0	0	0	4	2	1	2	3	0	1	2	0	1	1	0	0	1	3	3	0	1	4	1	0	0	0	2
G	C	A	T	1	1	1	0	0	1	0	0	1	2	1	2	2	0	0	1	1	1	1	0	2	1	2	1	0	1	1	1	0	2	0	1	0	0	8	0	1	2	1	0	0	1	0	0	1	0	1	0	1	0	2	1	1	1	0	1	2	2	1	0	0	2	2	1	0	1	1	0	1	1	0	4	2	1	1	0	2	3	0	1	1	0	3	0	2	1	2	0	3	1	0	1	0	0	0	2	0	2
G	C	C	T	0	2	4	1	1	3	2	0	0	1	0	0	1	0	0	3	1	0	1	0	4	5	0	0	2	1	1	2	0	1	0	0	5	0	3	1	3	1	1	1	2	1	3	1	1	2	2	1	0	0	2	2	2	0	0	1	0	1	1	0	1	3	0	1	0	0	1	0	2	1	0	1	0	0	3	1	1	1	1	0	1	1	0	0	2	1	0	2	2	1	0	2	1	0	0	0	1	1
G	C	G	T	2	1	3	1	1	2	4	0	0	4	0	0	1	0	1	2	0	1	0	0	1	2	1	1	3	2	1	1	1	2	1	1	5	0	2	0	1	2	4	0	0	1	5	3	2	0	2	2	0	1	3	1	3	3	0	2	1	4	0	0	0	5	2	2	3	5	1	2	2	3	1	2	2	0	3	3	1	2	1	0	2	2	1	3	2	0	1	3	1	2	1	5	1	2	0	3	1	3
G	C	T	T	1	1	1	0	0	1	1	0	0	0	1	0	2	1	0	1	1	0	0	0	3	0	0	0	1	1	1	0	0	0	1	1	1	1	20	0	0	4	1	0	0	1	1	0	0	1	1	1	0	0	1	1	3	2	1	0	0	0	2	0	1	1	0	1	1	1	1	0	1	1	0	0	0	0	1	3	0	1	0	0	2	0	1	1	0	1	1	1	0	0	1	0	0	0	0	0	1	4
T	C	A	T	0	0	2	1	0	3	0	1	2	1	4	0	4	1	0	0	0	0	0	2	1	3	1	0	1	1	1	1	0	1	0	1	2	0	1	1	2	2	2	0	0	1	1	2	0	0	0	0	0	0	0	0	1	1	2	0	1	2	0	0	0	3	1	2	0	0	2	1	0	1	1	1	0	0	2	1	3	0	0	0	2	1	0	1	2	0	1	2	0	3	1	1	0	0	0	2	0	1
T	C	C	T	1	1	0	2	0	2	2	1	1	2	3	0	1	1	0	0	0	0	0	0	0	2	0	0	0	2	2	0	1	1	0	1	1	2	2	2	1	1	0	0	1	3	0	0	2	0	1	2	1	0	0	0	1	1	2	2	1	3	2	3	1	4	1	1	1	3	0	1	0	2	1	0	1	1	2	1	0	1	0	0	2	1	3	1	3	1	0	0	1	3	1	2	1	1	0	1	0	0
T	C	G	T	0	2	0	1	0	2	1	0	1	0	2	1	2	0	0	0	0	0	2	0	2	1	0	0	1	2	0	0	1	0	0	1	4	1	3	0	0	0	1	0	0	0	0	0	0	0	1	1	0	1	1	0	3	0	0	2	0	1	0	0	2	4	0	2	0	1	0	0	3	1	0	0	0	0	0	0	0	0	1	0	1	1	0	0	2	0	1	0	1	0	0	0	1	1	0	2	0	0
T	C	T	T	1	0	0	0	1	0	1	1	0	0	0	1	0	0	1	1	1	2	0	0	1	1	1	0	1	0	0	0	0	1	1	1	1	0	3	1	2	0	1	0	0	3	0	0	2	0	0	0	3	0	1	0	1	0	1	2	0	0	0	1	1	1	0	1	0	1	1	1	0	1	0	0	0	0	1	0	0	0	1	0	0	0	2	0	0	1	1	2	0	0	0	2	0	0	0	1	1	0
A	G	A	A	0	0	1	2	1	1	1	1	3	2	1	1	1	2	2	0	0	0	0	1	1	0	0	1	3	1	0	2	1	3	1	2	3	3	8	3	0	2	3	0	0	1	0	1	2	0	1	1	0	2	1	1	0	3	0	0	3	0	0	0	1	1	0	0	0	1	0	0	2	2	0	2	0	0	2	2	2	0	1	0	1	1	1	2	3	1	1	1	2	2	0	0	1	0	0	1	1	1
A	G	C	A	0	2	1	2	1	2	0	0	4	0	0	1	0	1	0	3	2	2	1	0	0	1	0	1	1	0	1	1	1	0	0	1	3	1	16	3	1	0	1	0	0	0	2	2	1	1	0	1	2	0	0	2	3	0	4	0	1	4	2	0	1	2	0	0	4	2	0	1	2	4	3	1	0	1	2	1	2	2	2	0	0	2	0	0	1	0	0	0	1	1	1	0	2	0	1	2	0	0
A	G	G	A	2	2	3	3	0	2	0	1	5	0	1	1	2	5	0	0	3	0	2	0	3	1	2	0	0	2	1	1	1	2	3	1	5	0	78	1	4	1	2	1	0	3	5	1	1	0	0	0	4	1	5	0	1	0	0	1	0	3	1	0	0	2	1	0	1	3	1	0	1	1	1	0	1	0	1	0	4	1	2	0	0	1	1	0	4	1	1	0	2	0	1	0	1	2	1	2	2	0
A	G	T	A	0	2	1	0	3	0	1	1	0	1	2	1	2	0	0	1	0	0	1	0	0	2	1	1	1	1	1	1	0	0	0	1	4	0	3	0	0	0	0	0	1	1	0	0	0	0	1	0	1	1	1	0	0	0	0	0	0	1	1	0	0	0	0	1	0	1	1	1	2	0	0	1	0	0	0	0	0	0	0	1	0	1	0	0	0	0	1	0	0	0	0	0	0	0	0	0	0	0
C	G	A	A	0	1	1	3	0	0	2	2	0	1	3	1	2	0	0	0	3	0	0	0	2	0	0	0	1	0	2	1	0	1	2	1	8	2	1	1	1	0	1	0	1	0	0	1	3	1	0	0	1	1	0	0	0	2	1	1	0	3	2	0	0	3	0	0	3	0	2	0	1	1	0	0	0	1	2	1	2	1	1	0	0	0	0	1	1	0	1	1	0	1	0	1	1	0	0	0	2	0
C	G	C	A	2	1	2	1	1	1	1	2	3	3	0	1	1	1	0	0	1	0	1	2	1	0	2	2	0	3	5	3	1	0	0	1	7	3	9	1	1	0	2	2	1	1	1	1	3	1	2	2	0	0	1	0	3	0	2	2	1	1	2	1	1	7	1	0	5	2	2	1	3	2	3	6	0	0	3	1	1	4	1	0	2	0	0	0	2	0	2	0	2	4	3	1	2	0	1	0	3	2
C	G	G	A	1	2	2	3	1	2	0	2	2	0	1	2	4	0	0	0	2	1	1	0	0	2	1	1	3	0	1	0	1	3	1	1	10	2	6	1	2	5	2	2	1	2	1	1	2	2	1	0	0	1	0	1	1	3	0	0	2	6	1	1	1	2	1	0	1	5	1	1	2	2	0	1	2	0	3	2	0	3	1	0	0	1	0	3	6	1	1	3	3	4	2	0	2	2	2	2	4	1
C	G	T	A	1	4	0	1	1	1	0	1	0	4	0	1	0	0	0	1	1	0	0	2	1	0	1	0	0	1	1	0	2	1	2	0	5	1	1	3	2	2	1	0	1	1	1	0	0	0	1	0	0	0	0	0	0	1	1	1	1	0	0	1	2	3	2	0	3	1	1	5	0	2	0	1	0	1	2	1	1	0	1	0	0	1	1	3	2	1	0	2	1	0	1	0	3	2	0	1	1	0
G	G	A	A	1	1	0	2	1	4	2	0	1	0	1	1	0	1	0	0	2	0	1	0	1	2	1	0	1	1	0	1	0	1	2	1	2	2	3	1	3	1	6	0	1	2	2	1	2	0	2	2	0	0	1	0	2	0	1	1	0	1	1	0	0	2	2	2	0	3	2	0	0	1	1	1	0	1	2	1	2	1	4	0	1	1	0	3	3	1	2	3	2	1	0	3	3	0	1	1	2	0
G	G	C	A	0	3	1	0	3	0	1	0	2	5	2	0	1	2	0	0	1	0	0	1	0	1	1	1	0	1	1	0	0	1	2	2	2	0	8	1	1	2	1	2	0	1	1	0	3	0	3	0	3	0	2	0	1	0	0	1	2	2	1	0	2	2	0	1	0	0	2	1	3	2	1	0	0	3	2	0	3	0	0	1	0	0	0	1	1	1	1	0	3	1	1	3	3	0	0	1	3	0
G	G	G	A	0	1	2	2	0	1	0	1	1	4	0	0	1	1	0	0	1	0	1	0	0	0	1	2	1	1	1	0	0	1	1	2	1	0	15	1	5	2	1	0	0	0	3	0	2	0	0	1	2	1	2	0	2	1	0	2	1	2	0	2	0	2	1	1	2	3	2	0	1	0	1	1	0	1	2	0	2	0	1	0	1	0	1	1	3	1	0	2	1	0	2	0	1	0	1	5	1	0
G	G	T	A	1	1	1	2	1	0	3	0	1	0	0	0	1	0	0	1	0	0	1	0	0	0	0	1	1	0	0	1	0	1	1	0	3	0	3	2	0	1	0	0	0	0	0	0	0	0	0	0	1	1	0	1	0	0	0	2	4	0	1	0	0	0	0	0	0	2	0	0	1	1	1	0	0	0	0	0	0	0	1	0	0	2	2	2	1	0	1	0	1	1	1	2	0	0	0	0	0	0
T	G	A	A	2	0	0	2	1	0	0	0	1	1	1	1	0	1	0	0	0	0	1	0	0	1	3	1	3	5	0	2	1	2	1	3	4	0	2	1	0	1	0	0	0	1	2	1	2	0	3	0	0	0	1	0	0	4	0	1	1	2	0	1	0	1	0	0	1	6	2	0	5	1	1	1	0	1	1	1	0	0	0	0	1	0	2	2	2	0	0	0	0	1	2	2	1	0	0	0	1	0
T	G	C	A	0	1	2	0	0	2	1	0	0	1	0	1	2	2	0	1	1	0	0	0	1	1	0	1	1	1	1	2	0	1	2	3	3	0	9	1	1	3	0	0	1	1	0	1	0	1	2	1	1	0	0	0	3	1	1	2	0	0	2	2	0	0	1	0	0	2	0	2	1	2	0	1	1	0	0	0	1	2	1	0	3	0	0	1	2	0	0	0	1	1	0	1	0	0	0	0	3	0
T	G	G	A	1	1	1	2	0	0	1	1	3	3	1	0	1	1	1	0	2	0	1	0	0	4	0	0	2	0	0	3	1	6	1	1	0	2	13	1	3	4	1	0	0	1	3	0	0	1	1	1	1	1	4	0	3	1	1	0	1	3	1	1	3	5	0	2	2	4	0	1	2	9	1	2	0	0	1	2	3	1	2	0	0	1	0	0	2	1	1	0	2	3	1	1	1	1	1	1	3	1
T	G	T	A	0	0	0	1	0	0	0	1	0	1	0	0	1	0	0	0	2	1	0	0	1	0	0	1	1	0	0	0	1	0	1	0	4	2	0	0	0	0	0	0	0	1	0	1	0	1	0	1	0	0	1	1	1	0	1	0	0	1	1	0	1	2	2	0	2	0	1	0	1	3	0	0	0	1	0	1	0	0	2	0	0	0	1	1	1	0	0	0	1	2	4	1	0	0	0	0	0	3
A	G	A	C	1	1	3	0	0	0	1	2	2	1	2	0	0	1	0	1	0	0	0	1	1	0	1	0	0	1	0	1	0	2	0	2	2	2	2	0	0	2	0	1	0	0	0	0	2	0	0	0	0	1	0	0	0	0	0	0	1	2	2	0	0	0	4	0	0	1	2	0	0	3	0	0	0	0	2	4	2	0	1	1	2	0	1	1	0	0	2	2	2	1	0	1	1	0	0	1	2	1
A	G	C	C	0	0	0	1	0	0	0	0	0	0	0	0	0	0	0	0	0	1	0	0	0	1	0	0	0	1	0	0	1	1	0	1	0	0	0	1	1	1	0	1	0	0	1	0	0	0	0	1	0	0	0	0	0	0	0	0	0	2	0	0	0	0	0	1	0	0	1	0	1	0	0	0	0	0	0	0	0	0	1	0	0	0	1	1	0	0	0	1	0	1	0	0	0	0	0	0	0	0
A	G	G	C	0	0	0	1	1	0	1	0	0	2	0	1	0	1	0	0	1	0	1	0	0	1	0	0	3	0	2	2	0	0	1	0	2	1	0	0	0	0	1	0	0	0	0	0	0	0	1	1	3	0	0	0	0	0	1	1	0	0	0	0	1	1	0	0	0	0	2	0	0	3	2	0	0	0	0	0	0	1	0	0	1	0	0	1	1	0	0	1	0	1	1	0	0	1	0	0	0	0
A	G	T	C	0	1	1	3	1	0	1	0	0	0	0	0	0	1	0	0	0	0	0	0	0	0	1	0	0	0	0	0	0	0	0	1	1	0	0	0	1	2	1	0	1	0	1	0	0	0	1	0	1	0	0	0	1	1	0	1	0	0	0	0	0	1	0	0	0	0	0	0	0	2	0	0	0	0	0	1	1	1	0	0	0	0	0	0	0	0	0	1	0	0	0	1	0	0	0	0	0	0
C	G	A	C	0	0	0	0	0	0	0	0	0	1	0	0	0	0	1	0	1	0	0	0	0	0	1	0	0	0	0	0	0	0	0	1	0	0	0	0	0	0	0	0	0	0	0	0	0	0	0	0	0	0	0	0	0	0	0	0	0	1	0	2	0	0	0	0	0	0	1	1	0	0	0	0	0	0	0	0	0	0	0	0	0	0	0	1	2	0	0	0	1	0	0	1	0	0	0	0	0	0
C	G	C	C	0	0	0	0	0	0	0	0	0	0	0	0	0	0	0	0	0	0	0	0	0	0	1	0	0	0	0	1	0	0	0	1	0	0	0	0	0	0	1	0	0	0	0	0	0	0	0	0	0	0	0	0	1	0	1	1	1	0	0	0	0	0	0	0	0	0	0	0	1	0	0	0	0	0	2	0	0	1	0	0	0	1	0	1	1	0	1	0	1	0	0	0	0	0	0	1	0	0
C	G	G	C	0	1	1	1	0	0	0	0	0	1	0	0	0	0	0	0	0	0	0	0	0	0	0	0	0	0	0	1	0	1	0	0	1	0	0	1	0	1	0	0	0	0	0	0	1	0	0	1	0	0	0	0	0	0	0	1	1	1	0	0	0	1	0	0	1	0	1	0	1	0	0	0	0	0	0	1	0	0	0	0	1	1	0	0	0	0	0	0	2	0	0	0	0	0	0	0	0	0
C	G	T	C	0	0	0	1	0	0	0	0	1	0	0	0	0	1	0	0	0	0	0	0	0	0	0	0	1	0	0	0	0	0	0	0	2	0	0	0	1	0	0	0	0	0	0	0	0	0	0	0	1	0	0	0	0	0	0	0	0	0	0	0	0	0	0	0	0	0	1	0	0	0	0	0	0	0	0	0	0	0	0	0	0	0	0	0	0	0	0	0	0	0	0	0	0	0	0	1	0	0
G	G	A	C	0	1	0	1	0	0	0	2	0	1	0	0	0	0	1	0	0	0	0	0	0	1	0	0	0	2	1	0	0	1	0	1	2	0	0	1	0	3	0	0	2	3	0	0	0	0	0	0	0	0	0	0	0	2	1	0	0	1	0	1	0	2	1	0	0	0	0	0	0	1	1	2	0	0	1	0	1	0	0	0	1	0	0	3	1	1	0	0	0	2	1	2	1	1	1	0	0	1
G	G	C	C	0	0	0	1	0	0	0	0	1	1	1	0	0	0	0	0	0	0	0	0	1	1	0	0	0	0	0	0	0	0	1	0	0	0	2	0	0	2	0	1	1	0	0	0	0	0	0	2	0	1	0	0	1	1	0	0	0	1	2	0	1	0	1	0	0	0	0	0	1	2	0	2	0	0	1	0	0	0	1	0	0	1	0	0	2	0	1	0	0	1	0	0	0	0	0	0	0	2
G	G	G	C	0	0	2	0	0	0	0	0	0	0	0	0	1	1	0	0	0	0	0	0	0	0	0	0	0	0	0	0	0	1	0	0	1	0	0	0	0	0	0	0	0	0	0	0	1	0	0	1	0	0	0	0	0	0	0	0	0	0	0	0	0	2	0	0	0	3	0	0	1	0	0	1	0	0	2	0	1	0	0	1	0	0	0	0	0	0	0	1	0	1	1	0	0	0	1	1	0	0
G	G	T	C	0	0	0	0	0	0	0	1	0	2	1	1	0	0	0	0	0	0	1	0	0	0	0	0	0	1	0	0	0	1	0	0	0	0	0	1	2	0	0	1	1	0	2	1	2	0	1	0	0	0	0	0	0	0	0	1	1	0	0	0	1	0	0	0	0	0	1	0	0	2	0	0	0	0	0	0	0	0	0	0	0	0	0	0	1	0	0	0	0	0	0	0	0	0	0	1	1	0
T	G	A	C	0	0	0	1	0	1	0	0	2	0	0	0	0	0	0	1	0	1	0	0	0	0	0	0	1	1	0	0	0	1	0	0	0	1	0	0	1	1	0	0	0	0	0	0	1	0	1	0	0	0	0	0	0	0	0	0	0	1	0	0	0	0	0	1	1	1	0	0	0	0	0	3	0	0	4	0	1	3	0	0	0	0	0	1	0	0	0	0	0	1	1	0	0	0	0	0	1	0
T	G	C	C	1	0	0	0	1	0	0	0	0	1	0	0	0	0	0	0	0	0	0	0	0	0	0	0	1	0	0	0	0	0	0	0	2	1	0	0	0	0	0	0	2	0	1	0	1	0	0	0	1	0	0	1	0	1	0	0	1	0	0	0	0	0	1	0	0	1	0	0	0	0	0	0	0	0	0	0	0	0	0	0	0	0	0	0	0	0	0	0	0	0	0	0	1	0	0	0	0	0
T	G	G	C	0	1	0	0	0	1	0	0	1	1	1	0	0	1	0	1	1	0	0	0	0	1	0	0	1	2	0	0	0	0	0	1	1	1	0	0	1	0	0	0	1	0	1	1	0	0	0	0	3	0	0	0	2	0	0	0	0	3	0	0	0	1	0	0	0	1	0	0	1	1	1	0	0	0	1	0	1	0	0	0	0	0	0	2	0	0	0	0	0	1	1	0	0	0	0	0	0	0
T	G	T	C	0	0	0	0	0	1	0	2	0	0	1	0	0	0	0	0	0	0	0	0	0	0	0	0	0	0	0	0	0	1	0	0	1	1	0	0	0	1	0	0	0	0	0	0	0	0	0	0	0	0	0	0	0	0	0	0	1	2	0	0	0	0	0	0	0	0	0	0	0	1	0	0	0	0	0	1	0	0	1	0	0	0	0	0	0	1	0	0	0	2	0	0	0	0	0	0	0	0
A	G	A	T	0	2	0	1	2	1	0	0	0	2	1	1	3	3	0	0	1	0	0	0	1	1	0	0	2	0	1	0	0	0	0	3	2	1	3	2	3	2	2	0	1	0	1	2	1	1	2	0	1	2	0	0	1	0	1	0	0	1	2	1	3	1	2	0	0	1	0	0	0	2	1	1	0	2	2	1	0	2	0	0	2	1	0	1	1	2	4	2	1	0	0	0	0	0	0	1	2	3
A	G	C	T	0	0	1	0	2	1	0	0	2	0	0	0	1	1	1	0	0	0	0	0	0	0	1	1	1	0	0	1	0	2	1	0	1	1	3	0	0	1	0	0	1	1	0	0	1	0	0	1	0	0	1	0	1	1	1	1	2	1	0	0	1	1	0	0	1	3	1	0	2	1	1	3	0	0	3	0	0	1	0	0	0	0	0	0	1	0	1	0	0	1	0	1	0	0	0	1	2	1
A	G	G	T	0	2	0	1	2	1	0	1	1	4	0	0	1	1	0	0	1	1	0	0	2	2	0	2	1	3	0	0	1	1	4	2	0	1	2	1	1	3	1	0	1	2	1	0	0	0	0	0	0	1	1	2	4	1	1	1	3	1	2	1	0	1	0	2	0	1	1	1	2	0	0	4	0	0	1	0	0	2	2	0	1	2	1	0	0	0	0	0	0	0	1	0	0	0	1	0	1	2
A	G	T	T	0	1	1	1	0	0	0	0	1	1	0	0	0	0	0	0	1	0	0	1	0	0	0	0	1	0	0	1	0	1	0	0	0	0	1	0	1	1	1	0	0	0	0	1	0	0	0	0	0	1	0	0	0	0	1	0	0	1	0	0	0	1	1	0	0	1	1	1	0	0	0	0	1	0	2	0	0	1	0	1	0	0	0	0	0	2	0	1	0	0	1	0	1	0	0	0	0	1
C	G	A	T	1	1	0	0	1	0	0	1	1	0	1	0	1	0	0	2	0	0	1	0	2	1	2	0	3	1	0	1	2	0	0	0	3	1	1	1	0	0	0	1	0	1	0	0	0	0	0	0	2	0	0	0	1	2	2	1	0	1	0	0	0	2	0	0	2	1	0	0	2	0	0	2	0	0	1	0	1	1	0	0	1	0	0	0	0	3	0	1	1	2	0	1	2	0	0	0	1	0
C	G	C	T	0	1	1	0	0	2	0	0	0	0	2	0	1	1	0	0	0	0	0	0	0	1	1	0	1	0	0	1	0	1	0	0	0	1	3	2	0	1	0	0	0	0	1	2	0	0	1	0	0	0	0	2	6	1	0	0	1	3	0	0	0	2	1	0	0	2	1	0	7	1	0	1	0	1	4	0	1	1	1	0	1	0	1	0	0	1	0	0	1	1	0	1	4	1	0	2	1	0
C	G	G	T	0	0	1	1	0	0	1	0	1	0	1	0	1	1	0	0	0	1	0	0	0	0	1	1	0	2	0	1	0	1	2	0	1	3	1	1	1	1	1	2	0	3	0	0	1	0	1	1	0	0	0	1	0	1	0	0	0	1	0	0	0	2	3	1	2	1	1	0	2	0	0	3	0	1	0	1	0	0	0	1	0	0	0	1	0	0	0	0	1	0	1	2	1	0	0	1	0	0
C	G	T	T	0	1	1	0	0	0	1	0	1	0	0	1	0	0	0	0	0	0	1	0	0	0	1	0	0	1	0	0	0	0	0	0	0	0	0	1	2	1	0	0	0	0	0	0	0	0	0	1	0	0	0	0	3	0	1	1	0	0	0	0	0	0	1	0	0	1	0	0	1	1	0	3	0	0	1	0	2	1	0	0	0	0	1	0	0	0	0	2	0	1	0	1	0	0	0	1	0	0
G	G	A	T	0	0	2	1	5	2	0	1	1	0	0	0	1	1	1	1	4	0	1	0	1	4	2	1	1	2	0	1	2	2	3	1	2	1	2	2	2	3	2	0	1	1	4	2	3	0	3	0	3	3	1	1	2	4	4	3	4	1	1	0	3	3	1	2	0	4	1	1	4	1	0	1	0	0	8	2	0	2	1	0	0	0	1	1	4	0	0	1	3	3	1	1	1	1	1	2	3	0
G	G	C	T	3	2	2	0	2	1	1	1	1	0	1	0	0	1	1	0	1	1	0	1	1	1	3	1	0	1	2	1	0	0	3	1	1	0	2	3	3	5	2	1	0	0	0	0	2	0	2	1	1	0	0	1	3	4	3	2	0	1	1	0	0	1	3	0	3	2	1	0	3	1	1	4	0	0	3	0	1	5	2	0	2	1	0	0	1	5	0	2	2	1	0	6	2	2	0	1	1	1
G	G	G	T	2	1	1	2	0	0	0	2	1	2	0	1	2	0	0	0	0	0	0	0	0	1	3	0	0	0	0	3	1	1	0	1	3	0	3	0	2	4	2	0	1	3	4	1	2	0	0	0	0	0	0	0	1	1	2	1	0	0	2	0	0	0	1	0	5	3	0	1	0	1	2	0	0	0	4	1	2	1	1	2	0	1	1	2	2	1	0	0	1	3	2	0	0	0	1	3	1	0
G	G	T	T	0	1	2	1	0	1	0	2	1	0	2	0	1	0	1	0	3	0	0	0	0	0	2	0	1	0	2	0	1	0	1	2	0	0	2	0	0	3	0	0	0	2	0	1	2	0	2	0	1	1	0	0	4	0	0	1	0	0	0	1	1	1	3	0	1	1	1	1	2	3	2	2	0	1	4	1	0	4	2	1	1	1	2	2	1	0	0	0	3	0	0	1	0	1	0	3	0	1
T	G	A	T	2	1	2	1	1	1	0	0	2	1	0	1	1	1	0	1	1	3	2	0	3	2	2	0	1	1	1	0	2	4	4	2	2	1	3	0	4	7	4	2	0	4	1	0	2	2	2	1	1	0	0	0	1	1	0	0	4	0	0	3	1	0	0	1	0	2	1	0	2	0	0	2	0	1	3	2	2	4	0	0	1	2	1	1	0	3	0	0	1	2	1	1	1	0	0	0	2	4
T	G	C	T	1	0	1	2	1	0	0	0	1	0	0	0	1	0	0	1	1	0	0	2	0	0	1	1	0	3	0	2	0	2	1	2	1	2	1	1	0	0	1	1	0	1	3	0	0	0	0	0	0	0	0	0	4	3	1	1	0	0	0	1	1	0	2	2	0	4	3	0	0	2	1	5	0	1	5	1	0	0	1	0	0	0	0	0	3	3	0	0	0	1	2	2	1	0	1	0	1	4
T	G	G	T	0	2	0	4	0	2	2	1	7	0	2	0	0	1	0	0	1	0	2	1	0	1	0	0	0	1	0	1	3	4	2	6	0	1	1	0	2	1	0	1	0	3	5	0	4	1	0	1	0	0	2	0	1	1	4	2	2	0	2	1	1	1	1	0	1	3	1	0	3	1	0	0	0	1	4	0	2	4	0	0	3	0	1	1	4	0	1	0	0	1	3	0	1	0	0	1	2	0
T	G	T	T	0	0	1	0	2	0	0	0	0	4	2	0	0	0	0	0	1	0	1	1	2	2	0	1	1	0	0	1	0	0	2	1	3	2	1	1	0	0	1	3	0	1	2	1	1	0	1	0	0	1	0	0	1	2	0	1	1	2	1	0	1	1	0	0	1	1	1	0	1	3	0	1	0	0	3	1	1	0	0	0	0	1	0	0	2	1	0	1	0	1	0	1	0	0	0	3	3	1
A	T	A	A	4	2	4	1	1	3	5	0	0	0	0	0	2	0	0	0	1	0	0	0	1	4	0	0	0	0	0	0	3	8	1	2	0	2	3	1	2	12	9	0	0	3	13	2	2	0	0	0	1	1	0	1	0	0	0	0	1	2	1	2	0	0	2	2	0	1	0	0	0	5	1	0	2	0	2	1	1	0	0	0	1	0	0	0	4	1	0	1	0	2	0	0	0	7	0	1	1	0
A	T	C	A	0	0	3	2	1	2	0	0	1	1	1	0	0	0	0	1	1	0	0	0	2	2	0	0	0	1	1	0	1	5	0	0	0	0	1	1	5	4	3	0	0	0	9	5	2	0	0	1	0	0	0	1	1	0	0	1	0	3	0	2	0	0	0	2	0	3	0	1	2	1	0	1	0	0	5	0	0	0	0	1	1	0	0	0	5	0	0	0	0	2	1	2	3	2	0	2	1	0
A	T	G	A	1	1	16	6	2	7	5	0	3	8	1	0	1	1	1	1	4	0	2	1	3	14	7	0	0	3	1	0	18	20	2	7	1	6	8	1	18	16	13	3	0	10	35	5	6	2	0	3	2	1	4	1	0	2	0	0	0	14	2	5	0	3	1	2	8	6	0	0	1	15	1	1	5	2	13	4	0	1	5	0	1	0	4	4	23	0	1	3	1	22	3	0	0	11	0	9	3	0
A	T	T	A	0	0	3	2	0	1	0	1	0	2	0	1	1	0	0	0	3	0	1	0	0	1	0	0	0	0	0	0	0	2	0	0	0	1	3	1	4	2	3	0	0	1	4	2	2	0	0	0	0	0	0	0	0	2	0	0	0	4	0	0	1	1	0	1	0	1	0	0	0	1	1	0	0	0	1	0	0	1	0	0	0	0	0	2	2	0	0	0	0	3	0	0	0	2	0	6	1	1
C	T	A	A	6	4	13	6	5	4	10	0	1	7	0	0	5	2	0	0	13	0	2	1	4	22	5	0	3	3	1	0	12	18	4	10	0	2	13	2	24	22	26	1	0	10	32	0	8	1	1	0	3	0	2	1	0	1	2	1	0	10	0	7	0	0	0	2	6	6	0	0	0	7	3	1	0	0	15	3	0	1	3	1	1	0	5	0	32	0	0	4	1	12	3	0	1	17	0	25	1	0
C	T	C	A	3	1	8	11	4	10	8	0	1	5	3	0	1	1	0	0	4	1	1	2	5	10	5	0	3	1	0	0	11	17	8	4	2	0	10	1	16	26	19	1	0	8	30	2	10	0	0	1	0	0	2	0	0	1	2	0	0	16	1	9	1	3	0	8	2	13	0	1	0	5	2	1	4	0	13	4	0	2	3	0	2	0	1	4	27	0	0	6	0	15	8	0	0	13	1	11	1	2
C	T	G	A	25	10	41	26	16	21	31	1	7	20	4	6	8	4	0	0	27	1	8	5	12	51	17	1	3	5	2	1	43	80	21	39	1	8	34	7	52	121	84	8	0	23	93	14	28	1	2	8	10	0	3	3	1	4	4	0	2	42	3	24	2	8	0	15	15	54	0	0	1	35	5	3	4	0	37	7	3	9	11	1	6	0	11	7	91	0	0	5	6	67	17	2	3	48	2	59	12	2
C	T	T	A	4	1	7	10	0	6	5	0	1	6	1	0	3	0	0	0	4	0	0	2	3	7	2	0	0	2	0	0	7	11	2	6	2	1	5	0	6	23	18	0	0	4	13	3	5	0	1	1	1	0	0	1	0	1	1	0	0	10	1	3	0	2	0	2	2	8	0	0	0	6	1	3	1	1	4	3	0	0	0	0	0	0	1	2	21	0	0	0	1	11	3	0	1	6	0	11	0	0
G	T	A	A	2	1	12	5	1	2	11	0	0	4	1	0	2	0	1	0	5	0	1	0	2	8	1	0	0	3	0	0	8	7	2	9	0	1	1	0	8	13	12	2	1	8	6	3	5	1	0	0	2	1	0	2	0	0	0	0	1	7	1	5	0	0	1	4	4	3	0	0	0	5	0	0	0	0	2	2	0	2	1	0	1	0	4	3	16	0	0	1	0	6	2	0	2	8	0	11	2	0
G	T	C	A	1	0	0	1	0	0	2	0	0	1	0	0	0	0	0	0	2	0	1	0	1	2	0	0	1	1	0	0	2	3	2	3	1	0	2	0	7	6	3	0	0	2	6	1	1	1	2	1	1	0	0	0	0	0	0	0	0	4	1	1	1	0	0	0	0	3	0	0	0	3	1	0	0	0	2	0	0	0	0	0	0	0	0	1	3	0	0	0	0	4	1	0	0	4	0	4	0	0
G	T	G	A	7	5	15	3	4	5	10	0	4	5	0	0	1	1	0	0	4	1	1	5	3	13	4	0	1	3	0	0	8	19	3	8	0	2	7	0	11	21	33	2	0	8	20	3	10	0	1	2	2	0	2	2	0	1	0	0	0	12	0	4	0	2	0	8	1	9	0	0	0	7	0	3	2	1	9	2	0	4	1	0	3	0	1	3	24	0	0	3	0	20	3	0	1	11	0	15	2	1
G	T	T	A	0	0	2	0	0	1	3	0	0	0	0	1	0	1	0	0	0	0	1	0	0	2	0	0	1	2	0	0	1	1	3	0	0	0	0	0	2	1	5	0	0	1	2	0	0	0	0	0	0	0	0	0	0	0	0	0	0	2	0	0	0	0	0	1	0	3	0	0	0	0	0	2	1	0	2	0	0	0	1	1	0	0	0	1	4	0	0	1	0	1	1	0	0	4	0	2	1	0
T	T	A	A	2	0	3	2	2	4	9	1	0	3	1	0	0	1	0	0	4	0	2	0	0	4	0	0	1	3	0	0	5	12	1	3	0	1	2	1	4	11	4	2	0	2	12	2	4	0	0	0	2	0	2	0	0	0	0	0	0	3	1	0	1	0	0	2	2	4	0	0	0	7	0	1	0	0	1	0	0	0	1	0	1	0	0	1	9	0	0	0	2	13	1	0	0	2	0	5	0	0
T	T	C	A	1	4	2	3	1	0	5	0	0	1	1	0	0	0	0	0	2	2	2	1	1	4	1	0	1	2	0	0	5	5	0	1	0	2	5	0	3	7	9	0	0	2	11	1	4	0	1	1	2	0	1	1	0	1	1	0	1	3	0	2	1	0	1	2	0	5	0	0	0	5	0	0	1	0	4	1	0	1	0	0	2	0	1	1	7	0	0	1	1	5	1	0	0	3	0	5	1	0
T	T	G	A	3	2	5	3	5	6	7	0	0	7	1	0	4	0	0	0	6	1	2	0	2	12	1	0	0	1	0	0	9	20	5	2	1	0	5	3	15	16	12	1	0	5	19	0	3	1	0	1	2	0	1	0	1	1	1	0	1	4	0	4	1	2	1	3	5	5	0	0	1	6	2	2	0	0	4	4	0	2	1	0	2	0	3	4	20	0	0	1	3	8	3	0	0	12	0	12	1	0
T	T	T	A	1	0	4	1	1	1	1	0	1	0	0	0	2	0	0	0	4	1	2	0	0	2	0	0	1	0	1	1	1	0	0	0	1	1	1	0	0	3	4	0	0	3	7	1	2	0	0	0	0	0	0	0	1	0	0	0	0	4	0	0	0	1	0	0	1	2	0	0	1	1	0	0	0	0	2	0	1	0	1	0	0	0	1	1	3	0	1	0	0	2	2	0	2	3	1	3	1	0
A	T	A	C	0	0	3	2	1	4	1	0	1	1	0	0	1	1	1	1	4	1	1	2	0	3	0	0	1	1	0	0	1	2	2	0	1	1	3	0	0	3	1	1	0	0	1	0	2	1	0	0	0	0	1	0	2	0	0	0	1	2	0	5	0	1	0	0	0	4	1	0	0	2	0	1	0	0	1	1	1	0	1	0	0	0	2	1	4	1	0	0	0	2	1	1	0	2	0	2	0	1
A	T	C	C	0	0	1	3	2	0	0	0	2	0	0	1	0	0	0	1	0	0	0	0	0	0	0	0	0	0	0	0	0	2	1	1	3	0	1	0	0	0	0	0	0	1	0	0	0	0	0	1	1	1	0	0	0	1	0	0	0	0	1	1	0	0	0	0	0	1	0	0	1	2	0	0	0	0	0	0	0	1	0	0	1	0	0	1	0	0	0	0	1	0	1	1	0	0	0	1	3	0
A	T	G	C	1	0	0	2	3	1	0	0	1	3	1	0	0	2	0	2	5	2	1	0	0	1	3	1	0	2	0	1	0	0	2	1	3	2	2	4	2	5	4	1	0	1	2	2	2	1	0	0	5	0	3	0	3	1	2	1	1	3	2	1	0	1	2	1	0	4	0	0	1	1	1	0	0	1	0	2	2	0	2	0	0	0	1	0	1	0	0	2	0	0	0	0	1	2	0	2	1	0
A	T	T	C	1	0	4	0	0	0	1	1	1	0	2	0	0	1	1	0	0	0	1	1	0	1	0	1	1	0	1	0	2	2	1	1	3	0	0	1	0	1	1	0	0	2	1	0	0	0	0	0	0	0	0	1	2	1	2	0	1	0	0	0	1	0	0	0	1	4	0	1	0	0	0	0	0	0	2	0	0	0	0	0	0	0	0	1	0	0	0	0	1	0	0	1	0	0	0	0	0	0
C	T	A	C	1	0	2	2	1	0	0	0	0	0	0	0	0	1	0	0	0	0	1	0	0	1	0	0	1	0	0	0	1	3	0	0	0	0	1	0	1	2	0	1	1	0	2	1	1	0	1	0	3	0	0	0	0	0	0	0	0	0	0	2	0	0	0	2	1	1	1	0	0	2	0	0	0	0	1	2	0	0	0	1	1	0	0	0	0	0	0	0	1	0	0	1	0	0	0	2	1	1
C	T	C	C	0	1	2	0	0	0	0	1	1	0	0	0	0	0	0	1	1	0	0	1	0	4	0	0	0	0	0	0	1	0	0	0	1	0	1	1	1	1	1	0	0	0	0	0	0	0	0	0	1	0	0	0	0	0	0	1	0	1	0	0	0	1	0	0	0	0	1	0	0	0	1	0	0	0	1	0	1	0	0	0	0	0	0	0	2	0	0	0	0	1	0	0	2	0	0	0	0	0
C	T	G	C	0	2	0	0	3	2	0	0	2	0	0	0	0	1	1	0	1	0	1	0	1	3	0	0	0	0	0	1	0	3	3	0	0	1	4	0	3	2	0	0	0	1	1	0	0	0	1	0	2	0	3	1	1	1	2	0	0	1	0	0	2	0	2	0	0	2	1	0	0	0	1	1	0	0	1	0	1	0	0	1	0	0	0	1	1	1	1	0	0	2	0	0	2	1	1	1	1	1
C	T	T	C	1	1	2	1	1	1	0	2	0	0	1	2	1	1	0	0	0	0	0	0	0	1	0	0	0	0	0	0	0	1	0	1	1	2	1	1	0	1	0	0	0	1	0	0	0	0	0	0	0	0	0	0	1	0	0	0	1	0	0	0	1	0	0	0	0	0	0	0	0	1	0	0	0	0	1	0	0	1	0	0	0	0	0	0	0	0	0	0	1	3	0	1	0	0	0	0	0	0
G	T	A	C	0	0	0	1	2	0	0	0	0	1	1	1	0	0	1	0	0	0	1	1	0	1	1	1	0	0	0	0	0	1	1	0	1	1	0	1	0	1	0	0	0	1	0	0	0	0	0	0	0	0	1	0	0	1	0	0	0	1	1	0	0	0	0	1	1	2	0	1	0	0	0	0	0	0	0	2	0	0	0	0	0	0	0	0	2	3	1	2	1	0	0	0	0	0	0	1	0	0
G	T	C	C	1	1	1	1	0	0	1	1	1	1	0	1	0	0	0	0	0	0	1	0	0	1	0	0	1	0	0	1	0	1	2	0	0	0	0	0	0	2	0	0	1	2	1	1	0	1	0	0	0	1	3	0	1	0	1	0	0	1	0	1	0	0	1	0	0	0	0	1	0	0	0	0	0	0	0	2	0	0	0	0	0	1	1	0	0	0	0	0	0	0	0	0	2	1	0	0	0	1
G	T	G	C	2	2	0	1	5	2	0	1	1	0	0	0	0	0	1	0	1	0	1	1	1	1	2	0	0	0	0	0	0	0	3	3	1	0	1	0	0	2	0	0	0	0	1	1	1	1	1	1	1	0	0	1	0	0	0	0	0	1	2	0	1	1	0	0	0	0	0	0	0	2	1	2	1	0	1	0	0	0	0	2	1	0	0	2	2	0	1	0	1	1	0	0	1	1	0	0	0	1
G	T	T	C	0	0	0	0	0	1	0	0	0	0	0	2	0	0	2	0	0	0	0	1	0	0	1	0	1	0	0	0	1	1	1	0	1	0	2	0	2	0	0	0	1	0	0	0	1	0	0	0	0	2	0	1	0	1	1	0	0	0	0	1	0	0	0	2	0	0	0	0	0	0	0	0	1	0	1	0	1	1	0	0	0	1	0	0	0	1	0	0	0	1	1	0	0	0	0	0	0	0
T	T	A	C	1	2	2	2	2	0	2	0	0	0	0	0	0	0	0	0	0	0	0	1	0	1	1	0	0	0	1	1	0	2	0	1	1	1	1	0	2	1	0	0	0	0	0	0	0	0	0	0	0	0	0	0	0	0	1	0	0	0	1	0	0	1	0	0	0	0	1	1	0	0	0	0	0	0	1	0	0	1	0	0	1	0	0	0	0	0	0	0	0	0	0	0	0	0	0	0	0	0
T	T	C	C	0	0	0	0	0	1	0	1	1	0	0	0	0	1	0	1	0	0	0	0	0	0	0	0	0	0	0	0	0	2	0	2	1	0	2	0	0	1	0	0	0	1	0	0	0	0	1	1	0	0	0	0	0	0	1	0	0	2	0	1	0	0	0	0	1	0	0	0	1	0	0	0	0	1	0	0	0	1	0	0	0	0	0	0	0	0	1	0	0	2	0	0	0	0	0	1	1	0
T	T	G	C	0	0	1	1	1	1	0	0	1	0	0	0	0	0	0	0	0	0	0	1	0	2	0	0	1	0	1	0	0	0	0	1	1	0	0	1	1	1	1	0	0	3	0	0	0	0	0	0	0	0	0	1	0	0	1	0	2	0	0	0	2	0	0	0	0	0	1	0	0	0	0	0	0	1	0	1	0	0	1	0	0	0	0	0	0	1	1	0	0	1	1	0	0	0	0	0	0	0
T	T	T	C	0	0	0	0	0	0	0	0	0	0	0	0	1	0	0	0	0	0	0	0	0	1	0	0	0	0	0	1	0	0	1	0	0	0	0	1	0	1	0	0	0	0	0	0	0	0	0	0	0	0	0	0	0	0	0	0	0	1	0	0	0	1	0	0	0	0	0	0	0	0	0	0	1	0	0	0	0	0	0	0	0	0	0	0	0	0	0	0	0	2	1	0	1	0	0	0	0	0
A	T	A	G	0	0	0	0	0	1	0	0	0	0	0	1	0	0	0	0	0	0	0	0	1	0	0	0	0	0	0	0	1	1	0	1	0	0	0	0	0	0	1	0	0	0	0	0	0	0	0	0	0	0	0	0	1	1	0	0	0	1	0	0	0	0	0	0	1	1	0	0	1	0	0	0	0	0	1	0	0	0	1	0	1	0	0	0	2	0	0	0	0	0	0	0	0	0	0	0	0	0
A	T	C	G	0	0	0	0	0	0	1	0	0	0	0	0	0	1	0	0	0	0	0	0	0	1	0	0	0	0	0	0	0	0	0	0	1	0	0	0	0	1	2	0	0	0	0	0	0	0	1	0	0	0	0	0	0	1	0	0	1	1	0	0	0	0	1	0	0	0	0	0	0	1	0	0	1	0	0	0	1	0	0	0	0	1	0	1	0	0	1	0	0	0	0	0	0	0	0	0	0	2
A	T	G	G	0	0	0	0	1	0	0	0	1	0	0	0	0	1	0	0	0	0	0	0	1	0	0	0	0	0	0	0	1	0	0	0	1	1	1	0	0	0	0	0	0	0	0	0	0	1	0	1	0	0	0	0	1	0	1	0	0	2	0	0	0	0	0	0	0	0	0	0	0	0	0	0	0	0	0	1	0	1	0	0	0	0	0	1	1	0	0	0	0	0	0	0	0	0	0	1	0	0
A	T	T	G	0	0	0	0	1	0	1	1	1	1	0	0	0	0	0	0	0	0	0	0	0	0	1	0	0	0	0	0	0	0	0	1	0	1	0	0	0	1	0	1	0	0	0	0	0	0	1	0	1	0	0	0	1	0	0	0	0	0	3	0	0	0	0	0	0	1	0	0	0	1	0	1	0	0	0	0	0	0	0	0	0	0	0	0	0	0	1	0	0	0	0	0	0	0	0	0	0	0
C	T	A	G	0	1	0	0	0	0	0	0	1	0	0	0	0	0	1	0	3	0	0	0	0	0	0	0	1	0	0	0	0	1	0	0	0	0	1	0	0	1	3	1	0	0	2	0	0	0	0	0	0	0	0	0	0	0	0	0	0	1	0	0	0	0	0	0	0	2	0	0	1	0	0	0	0	0	0	0	0	0	0	0	0	0	0	0	1	0	0	0	0	1	0	0	0	2	0	1	0	0
C	T	C	G	0	0	0	0	0	0	0	0	0	0	0	0	0	0	0	0	0	0	0	1	0	0	2	1	0	1	0	1	0	0	0	0	2	2	0	1	0	1	1	0	1	2	0	0	0	1	0	0	0	0	1	0	0	1	1	0	0	2	0	0	0	0	0	0	0	1	0	0	0	2	1	0	0	0	0	2	0	0	0	0	0	0	0	0	1	0	2	0	0	0	0	0	0	0	0	0	1	0
C	T	G	G	0	2	0	0	0	2	1	0	1	0	0	0	1	0	0	0	1	1	0	0	2	3	1	0	0	0	1	0	0	2	0	1	1	0	2	0	3	5	0	1	0	4	5	0	1	0	0	0	1	0	1	0	0	0	0	0	2	2	0	0	0	1	1	1	1	1	0	0	0	2	0	0	0	1	2	0	1	0	2	1	0	0	0	1	2	0	0	0	1	2	0	0	0	1	0	2	0	0
C	T	T	G	0	2	1	0	2	0	0	1	1	0	1	0	1	0	0	1	0	0	0	0	0	0	0	0	0	0	1	0	0	1	0	2	0	1	0	0	0	0	1	0	0	0	0	0	0	0	0	0	2	0	0	0	0	0	2	0	0	0	0	0	0	0	1	0	0	1	0	0	1	0	1	0	1	1	2	1	1	1	1	0	0	0	2	0	0	0	1	0	0	0	0	1	0	1	0	0	0	0
G	T	A	G	0	0	0	0	1	0	0	0	0	0	0	0	0	1	0	0	1	1	0	0	0	0	0	0	0	0	0	0	0	0	0	0	0	0	0	0	0	0	1	0	0	0	0	0	0	0	0	0	0	0	0	0	0	0	0	1	0	0	0	0	0	0	0	0	0	0	0	0	0	0	0	0	0	0	0	0	0	0	0	0	1	0	0	0	0	0	0	0	0	0	0	0	0	0	0	1	0	0
G	T	C	G	0	0	0	1	0	1	0	0	1	0	0	0	0	0	0	0	1	0	0	0	0	0	0	0	0	0	0	0	0	0	0	0	0	0	0	0	0	0	1	0	0	0	0	0	0	0	0	0	0	0	0	1	0	1	0	0	0	0	0	1	0	0	0	1	0	0	1	0	0	3	0	0	0	0	0	1	0	0	0	0	0	0	0	0	0	0	0	0	0	1	0	0	0	0	0	0	0	0
G	T	G	G	0	0	0	0	0	1	0	0	0	2	0	0	0	0	0	0	0	1	0	0	0	0	0	0	0	1	0	0	0	2	0	0	0	0	0	1	0	3	1	0	0	1	1	0	0	0	0	0	0	0	0	0	0	0	0	0	0	2	0	0	1	1	0	0	0	0	0	0	0	0	0	0	0	0	0	0	1	0	0	0	0	0	0	1	1	0	0	0	0	1	0	0	0	2	0	0	1	0
G	T	T	G	0	0	1	1	0	0	0	0	0	0	0	0	0	0	0	0	0	0	0	0	0	0	0	0	0	0	0	0	0	0	0	0	0	0	1	0	0	0	1	0	0	0	0	0	0	0	0	0	0	0	0	0	0	0	0	0	0	0	0	1	0	0	0	1	0	0	0	0	0	0	1	0	0	0	1	0	0	0	1	0	0	1	0	0	0	1	1	0	0	0	0	0	0	0	0	0	1	0
T	T	A	G	0	0	0	0	1	1	0	0	0	0	0	0	0	0	0	0	0	0	0	0	0	0	0	0	0	0	0	0	0	0	0	0	1	0	0	0	1	0	0	0	0	0	0	0	0	0	0	0	0	0	0	0	1	0	0	0	0	0	0	2	0	0	0	0	0	1	0	0	0	0	1	0	0	0	2	0	0	0	1	0	0	0	0	1	0	0	0	0	0	0	0	0	0	0	0	1	0	0
T	T	C	G	0	0	0	0	0	0	1	0	0	0	0	0	1	1	0	1	0	0	0	0	0	2	1	0	0	0	0	0	1	0	1	1	0	0	1	0	0	0	0	0	0	1	1	0	0	0	0	0	0	0	0	0	0	0	1	0	0	0	0	0	1	1	1	0	1	0	0	0	0	0	0	0	0	0	0	0	0	0	0	0	0	0	0	0	0	0	0	0	0	0	0	0	0	1	0	1	0	0
T	T	G	G	0	0	0	1	0	1	0	1	1	0	0	1	0	0	0	0	1	0	0	0	0	0	0	0	0	0	0	0	1	1	0	1	1	0	0	0	0	3	3	1	0	1	2	0	1	0	0	0	0	0	0	0	1	0	0	0	0	0	1	0	0	0	0	0	0	1	0	0	0	1	0	0	0	0	0	1	0	2	0	0	1	0	0	0	2	0	0	0	0	1	0	0	0	0	0	1	1	0
T	T	T	G	0	0	2	0	0	0	0	0	1	0	0	1	0	0	0	0	0	1	1	0	0	0	1	0	1	0	1	0	0	0	0	1	0	1	0	1	1	1	1	0	0	0	0	0	0	0	0	1	0	0	0	0	0	1	1	0	0	0	0	0	0	0	0	1	1	1	1	0	0	0	0	0	0	0	1	1	0	0	1	0	0	0	0	1	0	1	0	0	1	0	0	0	0	0	0	0	0	0
