Mutation type,Trinucleotide,NDEA.cl1,NDEA.cl2,NMDA.cl1,NMDA.cl2,NPIP.cl1,NPIP.cl2,NPYR.cl1,NPYR.cl2
C>A,ACA,429,550,143,184,207,198,179,188
C>A,ACC,109,140,81,64,75,71,70,82
C>A,ACG,42,55,10,12,15,20,16,17
C>A,ACT,181,181,84,100,108,113,103,104
C>A,CCA,291,345,165,191,193,203,232,237
C>A,CCC,84,114,78,68,84,91,100,107
C>A,CCG,36,36,14,26,30,29,25,34
C>A,CCT,157,179,99,128,139,133,129,148
C>A,GCA,177,235,94,117,115,123,118,129
C>A,GCC,70,96,55,42,47,50,50,49
C>A,GCG,14,29,9,7,11,11,9,11
C>A,GCT,105,114,57,71,86,85,73,84
C>A,TCA,301,352,163,183,171,172,183,189
C>A,TCC,149,144,83,110,105,104,122,138
C>A,TCG,25,38,11,12,14,13,17,20
C>A,TCT,222,257,178,173,199,188,191,197
C>G,ACA,81,81,38,55,56,59,68,77
C>G,ACC,44,49,23,36,35,36,42,36
C>G,ACG,8,16,4,4,10,7,6,7
C>G,ACT,71,55,51,54,62,67,71,64
C>G,CCA,60,61,37,36,45,45,52,56
C>G,CCC,39,39,20,31,30,29,32,38
C>G,CCG,10,15,6,9,7,8,10,12
C>G,CCT,47,55,40,39,40,43,38,40
C>G,GCA,21,34,21,17,16,20,23,25
C>G,GCC,37,37,37,28,26,20,30,49
C>G,GCG,5,6,9,4,3,5,5,10
C>G,GCT,41,52,23,40,29,33,37,49
C>G,TCA,82,88,42,62,68,65,71,72
C>G,TCC,61,84,33,51,54,59,62,67
C>G,TCG,7,11,7,7,6,5,6,6
C>G,TCT,121,121,120,110,103,109,128,137
C>T,ACA,509,548,147,182,217,210,126,136
C>T,ACC,265,332,94,99,131,121,74,78
C>T,ACG,84,102,32,39,44,45,29,33
C>T,ACT,244,252,87,125,128,128,103,104
C>T,CCA,203,237,95,97,116,121,95,97
C>T,CCC,115,127,58,67,83,86,67,77
C>T,CCG,47,53,21,26,26,25,20,23
C>T,CCT,114,122,84,76,63,62,69,69
C>T,GCA,146,160,62,94,77,77,91,86
C>T,GCC,136,127,66,90,74,69,69,78
C>T,GCG,38,33,28,23,20,23,21,28
C>T,GCT,148,153,67,82,89,86,78,78
C>T,TCA,310,338,134,127,163,179,107,127
C>T,TCC,264,264,86,106,116,109,92,92
C>T,TCG,42,51,13,20,20,23,13,17
C>T,TCT,222,258,93,104,138,141,129,130
T>A,ATA,379,493,64,82,124,138,78,85
T>A,ATC,316,385,44,51,91,108,44,46
T>A,ATG,469,618,47,78,146,159,56,62
T>A,ATT,292,326,42,71,113,113,90,98
T>A,CTA,75,102,27,24,52,50,33,50
T>A,CTC,88,156,19,29,43,47,46,43
T>A,CTG,197,272,48,52,61,75,55,61
T>A,CTT,90,144,60,40,63,61,61,66
T>A,GTA,160,223,30,33,52,49,50,32
T>A,GTC,151,150,25,34,36,37,22,28
T>A,GTG,183,267,26,36,53,60,46,49
T>A,GTT,140,184,28,34,36,40,33,34
T>A,TTA,141,166,43,41,71,79,49,57
T>A,TTC,113,132,39,39,34,34,31,38
T>A,TTG,189,228,26,40,51,47,43,36
T>A,TTT,94,112,44,40,57,56,49,55
T>C,ATA,399,478,82,116,157,162,223,252
T>C,ATC,286,339,73,84,112,113,170,169
T>C,ATG,185,235,48,61,97,95,90,106
T>C,ATT,320,343,55,84,128,127,181,199
T>C,CTA,141,165,41,40,51,51,70,67
T>C,CTC,319,437,65,78,99,94,125,141
T>C,CTG,153,232,36,45,66,73,67,69
T>C,CTT,151,231,45,44,55,55,71,73
T>C,GTA,335,444,52,72,130,139,181,203
T>C,GTC,271,412,56,62,88,86,111,146
T>C,GTG,216,275,42,44,74,83,117,129
T>C,GTT,288,366,58,58,75,74,172,182
T>C,TTA,138,164,37,65,65,68,76,77
T>C,TTC,213,252,51,77,101,102,104,132
T>C,TTG,71,88,21,37,40,40,37,40
T>C,TTT,143,135,35,44,53,63,55,55
T>G,ATA,119,115,27,25,53,56,56,56
T>G,ATC,72,84,15,21,48,51,36,38
T>G,ATG,117,140,35,31,47,49,32,39
T>G,ATT,102,121,33,35,61,64,88,96
T>G,CTA,34,25,8,18,22,19,24,21
T>G,CTC,41,40,21,15,28,32,24,28
T>G,CTG,58,56,22,31,36,30,30,33
T>G,CTT,40,45,20,30,27,31,35,38
T>G,GTA,41,53,8,15,20,24,21,24
T>G,GTC,85,111,9,14,28,29,28,32
T>G,GTG,75,105,17,21,27,27,28,26
T>G,GTT,55,73,17,17,32,35,45,49
T>G,TTA,38,67,44,32,34,30,43,40
T>G,TTC,48,60,20,27,34,34,34,33
T>G,TTG,47,64,34,29,42,43,41,39
T>G,TTT,54,46,32,35,44,45,47,56
